[LOAD] Loading region configs...
[LOAD] 29 regions found
[TARGET] 29 target regions
[SEEDS] [0, 1, 2, 3, 4]
[LOAD] Loading region data...
[LOAD] done in 0.2s
[PLAN] 145 (region, seed) pairs to evaluate
[EST] Runtime estimate: ~14.5 hours (6.0 min per pair)

[1/145] QLD1 seed 0
  [donor] pool size: 4 regions (target + 3 sources)
  [predictors] training 5 directions on QLD1...
    done in 40.8s
  [collect] gathering source stacks (src_limit=3)...
    done in 115.9s (3 sources)
  [single] evaluating 5 directions...
    rag...
      MAE=56.222, MAE+=26.842
    phys...
      MAE=35.558, MAE+=26.856
    causal...
      MAE=40.075, MAE+=27.168
    icl...
      MAE=58.355, MAE+=27.193
    hier...
      MAE=134.565, MAE+=26.967
  [equal] evaluating equal-weight fusion...
    MAE=60.159, MAE+=27.046
  [basismix] evaluating BasisMix fusion...
    MAE=45.362, MAE+=27.212
  [persistence] evaluating persistence baseline...
    MAE=33.051
  [DONE] QLD1 seed 0 in 167.3s

[2/145] QLD1 seed 1
  [donor] pool size: 4 regions (target + 3 sources)
  [predictors] training 5 directions on QLD1...
    done in 39.3s
  [collect] gathering source stacks (src_limit=3)...
    done in 116.5s (3 sources)
  [single] evaluating 5 directions...
    rag...
      MAE=83.130, MAE+=27.004
    phys...
      MAE=35.058, MAE+=26.937
    causal...
      MAE=40.175, MAE+=27.177
    icl...
      MAE=55.158, MAE+=27.312
    hier...
      MAE=141.363, MAE+=27.054
  [equal] evaluating equal-weight fusion...
    MAE=64.949, MAE+=27.007
  [basismix] evaluating BasisMix fusion...
    MAE=45.737, MAE+=27.152
  [persistence] evaluating persistence baseline...
    MAE=33.051
  [DONE] QLD1 seed 1 in 166.3s

[3/145] QLD1 seed 2
  [donor] pool size: 4 regions (target + 3 sources)
  [predictors] training 5 directions on QLD1...
    done in 40.0s
  [collect] gathering source stacks (src_limit=3)...
    done in 116.4s (3 sources)
  [single] evaluating 5 directions...
    rag...
      MAE=62.687, MAE+=26.924
    phys...
      MAE=33.716, MAE+=26.797
    causal...
      MAE=37.791, MAE+=27.059
    icl...
      MAE=53.692, MAE+=27.384
    hier...
      MAE=140.883, MAE+=27.100
  [equal] evaluating equal-weight fusion...
    MAE=59.517, MAE+=27.035
  [basismix] evaluating BasisMix fusion...
    MAE=43.669, MAE+=27.207
  [persistence] evaluating persistence baseline...
    MAE=33.051
  [DONE] QLD1 seed 2 in 167.2s

[4/145] QLD1 seed 3
  [donor] pool size: 4 regions (target + 3 sources)
  [predictors] training 5 directions on QLD1...
    done in 39.8s
  [collect] gathering source stacks (src_limit=3)...
    done in 117.2s (3 sources)
  [single] evaluating 5 directions...
    rag...
      MAE=59.664, MAE+=27.044
    phys...
      MAE=38.924, MAE+=26.896
    causal...
      MAE=39.993, MAE+=27.103
    icl...
      MAE=54.264, MAE+=27.202
    hier...
      MAE=145.502, MAE+=27.108
  [equal] evaluating equal-weight fusion...
    MAE=62.220, MAE+=27.007
  [basismix] evaluating BasisMix fusion...
    MAE=44.164, MAE+=27.174
  [persistence] evaluating persistence baseline...
    MAE=33.051
  [DONE] QLD1 seed 3 in 168.2s

[5/145] QLD1 seed 4
  [donor] pool size: 4 regions (target + 3 sources)
  [predictors] training 5 directions on QLD1...
    done in 40.3s
  [collect] gathering source stacks (src_limit=3)...
    done in 115.5s (3 sources)
  [single] evaluating 5 directions...
    rag...
      MAE=59.085, MAE+=26.958
    phys...
      MAE=32.571, MAE+=26.861
    causal...
      MAE=40.623, MAE+=27.176
    icl...
      MAE=54.770, MAE+=27.202
    hier...
      MAE=130.253, MAE+=27.095
  [equal] evaluating equal-weight fusion...
    MAE=56.910, MAE+=27.052
  [basismix] evaluating BasisMix fusion...
    MAE=44.912, MAE+=27.228
  [persistence] evaluating persistence baseline...
    MAE=33.051
  [DONE] QLD1 seed 4 in 166.8s

[6/145] NSW1 seed 0
  [donor] pool size: 4 regions (target + 3 sources)
  [predictors] training 5 directions on NSW1...
    done in 38.9s
  [collect] gathering source stacks (src_limit=3)...
    done in 116.7s (3 sources)
  [single] evaluating 5 directions...
    rag...
      MAE=53.945, MAE+=46.677
    phys...
      MAE=66.608, MAE+=46.717
    causal...
      MAE=54.012, MAE+=46.777
    icl...
      MAE=61.402, MAE+=46.712
    hier...
      MAE=88.761, MAE+=46.591
  [equal] evaluating equal-weight fusion...
    MAE=53.750, MAE+=46.760
  [basismix] evaluating BasisMix fusion...
    MAE=54.648, MAE+=46.526
  [persistence] evaluating persistence baseline...
    MAE=54.577
  [DONE] NSW1 seed 0 in 166.5s

[7/145] NSW1 seed 1
  [donor] pool size: 4 regions (target + 3 sources)
  [predictors] training 5 directions on NSW1...
    done in 40.9s
  [collect] gathering source stacks (src_limit=3)...
    done in 119.7s (3 sources)
  [single] evaluating 5 directions...
    rag...
      MAE=58.659, MAE+=46.547
    phys...
      MAE=66.268, MAE+=46.727
    causal...
      MAE=56.491, MAE+=46.705
    icl...
      MAE=60.442, MAE+=46.944
    hier...
      MAE=93.565, MAE+=46.238
  [equal] evaluating equal-weight fusion...
    MAE=54.722, MAE+=46.640
  [basismix] evaluating BasisMix fusion...
    MAE=55.641, MAE+=46.750
  [persistence] evaluating persistence baseline...
    MAE=54.577
  [DONE] NSW1 seed 1 in 171.6s

[8/145] NSW1 seed 2
  [donor] pool size: 4 regions (target + 3 sources)
  [predictors] training 5 directions on NSW1...
    done in 40.7s
  [collect] gathering source stacks (src_limit=3)...
    done in 117.4s (3 sources)
  [single] evaluating 5 directions...
    rag...
      MAE=54.155, MAE+=46.543
    phys...
      MAE=67.460, MAE+=46.643
    causal...
      MAE=57.751, MAE+=46.841
    icl...
      MAE=60.571, MAE+=46.731
    hier...
      MAE=96.107, MAE+=46.484
  [equal] evaluating equal-weight fusion...
    MAE=54.160, MAE+=46.746
  [basismix] evaluating BasisMix fusion...
    MAE=53.926, MAE+=46.753
  [persistence] evaluating persistence baseline...
    MAE=54.577
  [DONE] NSW1 seed 2 in 169.0s

[9/145] NSW1 seed 3
  [donor] pool size: 4 regions (target + 3 sources)
  [predictors] training 5 directions on NSW1...
    done in 41.6s
  [collect] gathering source stacks (src_limit=3)...
    done in 118.4s (3 sources)
  [single] evaluating 5 directions...
    rag...
      MAE=53.808, MAE+=46.620
    phys...
      MAE=64.689, MAE+=46.639
    causal...
      MAE=56.874, MAE+=46.692
    icl...
      MAE=61.328, MAE+=46.933
    hier...
      MAE=93.512, MAE+=46.400
  [equal] evaluating equal-weight fusion...
    MAE=53.520, MAE+=46.664
  [basismix] evaluating BasisMix fusion...
    MAE=55.723, MAE+=46.553
  [persistence] evaluating persistence baseline...
    MAE=54.577
  [DONE] NSW1 seed 3 in 170.8s

[10/145] NSW1 seed 4
  [donor] pool size: 4 regions (target + 3 sources)
  [predictors] training 5 directions on NSW1...
    done in 40.8s
  [collect] gathering source stacks (src_limit=3)...
    done in 118.5s (3 sources)
  [single] evaluating 5 directions...
    rag...
      MAE=54.356, MAE+=46.532
    phys...
      MAE=64.992, MAE+=46.802
    causal...
      MAE=55.602, MAE+=46.825
    icl...
      MAE=62.366, MAE+=46.839
    hier...
      MAE=86.141, MAE+=46.692
  [equal] evaluating equal-weight fusion...
    MAE=54.126, MAE+=46.710
  [basismix] evaluating BasisMix fusion...
    MAE=54.385, MAE+=46.896
  [persistence] evaluating persistence baseline...
    MAE=54.577
  [DONE] NSW1 seed 4 in 170.1s

[11/145] VIC1 seed 0
  [donor] pool size: 4 regions (target + 3 sources)
  [predictors] training 5 directions on VIC1...
    done in 40.6s
  [collect] gathering source stacks (src_limit=3)...
    done in 118.9s (3 sources)
  [single] evaluating 5 directions...
    rag...
      MAE=105.692, MAE+=98.327
    phys...
      MAE=155.769, MAE+=98.014
    causal...
      MAE=107.803, MAE+=98.660
    icl...
      MAE=114.016, MAE+=98.967
    hier...
      MAE=127.906, MAE+=97.350
  [equal] evaluating equal-weight fusion...
    MAE=107.983, MAE+=98.276
  [basismix] evaluating BasisMix fusion...
    MAE=107.945, MAE+=98.579
  [persistence] evaluating persistence baseline...
    MAE=117.682
  [DONE] VIC1 seed 0 in 170.2s

[12/145] VIC1 seed 1
  [donor] pool size: 4 regions (target + 3 sources)
  [predictors] training 5 directions on VIC1...
    done in 39.1s
  [collect] gathering source stacks (src_limit=3)...
    done in 120.0s (3 sources)
  [single] evaluating 5 directions...
    rag...
      MAE=101.018, MAE+=97.670
    phys...
      MAE=158.014, MAE+=98.150
    causal...
      MAE=108.854, MAE+=98.791
    icl...
      MAE=114.455, MAE+=98.969
    hier...
      MAE=131.741, MAE+=97.356
  [equal] evaluating equal-weight fusion...
    MAE=108.311, MAE+=98.231
  [basismix] evaluating BasisMix fusion...
    MAE=107.090, MAE+=98.714
  [persistence] evaluating persistence baseline...
    MAE=117.682
  [DONE] VIC1 seed 1 in 170.1s

[13/145] VIC1 seed 2
  [donor] pool size: 4 regions (target + 3 sources)
  [predictors] training 5 directions on VIC1...
    done in 41.5s
  [collect] gathering source stacks (src_limit=3)...
    done in 118.3s (3 sources)
  [single] evaluating 5 directions...
    rag...
      MAE=104.487, MAE+=98.267
    phys...
      MAE=158.549, MAE+=97.920
    causal...
      MAE=108.960, MAE+=98.757
    icl...
      MAE=114.305, MAE+=98.961
    hier...
      MAE=134.834, MAE+=97.444
  [equal] evaluating equal-weight fusion...
    MAE=109.024, MAE+=98.276
  [basismix] evaluating BasisMix fusion...
    MAE=109.705, MAE+=98.627
  [persistence] evaluating persistence baseline...
    MAE=117.682
  [DONE] VIC1 seed 2 in 170.5s

[14/145] VIC1 seed 3
  [donor] pool size: 4 regions (target + 3 sources)
  [predictors] training 5 directions on VIC1...
    done in 40.7s
  [collect] gathering source stacks (src_limit=3)...
    done in 121.8s (3 sources)
  [single] evaluating 5 directions...
    rag...
      MAE=104.409, MAE+=98.258
    phys...
      MAE=162.062, MAE+=97.783
    causal...
      MAE=107.518, MAE+=98.663
    icl...
      MAE=115.228, MAE+=98.985
    hier...
      MAE=130.869, MAE+=97.265
  [equal] evaluating equal-weight fusion...
    MAE=108.253, MAE+=98.182
  [basismix] evaluating BasisMix fusion...
    MAE=105.456, MAE+=98.505
  [persistence] evaluating persistence baseline...
    MAE=117.682
  [DONE] VIC1 seed 3 in 173.1s

[15/145] VIC1 seed 4
  [donor] pool size: 4 regions (target + 3 sources)
  [predictors] training 5 directions on VIC1...
    done in 40.4s
  [collect] gathering source stacks (src_limit=3)...
    done in 117.4s (3 sources)
  [single] evaluating 5 directions...
    rag...
      MAE=103.314, MAE+=98.153
    phys...
      MAE=154.116, MAE+=98.180
    causal...
      MAE=109.189, MAE+=98.805
    icl...
      MAE=115.029, MAE+=98.962
    hier...
      MAE=129.340, MAE+=97.831
  [equal] evaluating equal-weight fusion...
    MAE=109.218, MAE+=98.390
  [basismix] evaluating BasisMix fusion...
    MAE=108.742, MAE+=98.689
  [persistence] evaluating persistence baseline...
    MAE=117.682
  [DONE] VIC1 seed 4 in 168.6s

[16/145] SA1 seed 0
  [donor] pool size: 4 regions (target + 3 sources)
  [predictors] training 5 directions on SA1...
    done in 41.2s
  [collect] gathering source stacks (src_limit=3)...
    done in 119.8s (3 sources)
  [single] evaluating 5 directions...
    rag...
      MAE=108.341, MAE+=60.534
    phys...
      MAE=101.119, MAE+=60.661
    causal...
      MAE=77.103, MAE+=60.657
    icl...
      MAE=150.663, MAE+=59.990
    hier...
      MAE=101.116, MAE+=60.150
  [equal] evaluating equal-weight fusion...
    MAE=105.539, MAE+=60.465
  [basismix] evaluating BasisMix fusion...
    MAE=84.640, MAE+=60.654
  [persistence] evaluating persistence baseline...
    MAE=71.952
  [DONE] SA1 seed 0 in 171.7s

[17/145] SA1 seed 1
  [donor] pool size: 4 regions (target + 3 sources)
  [predictors] training 5 directions on SA1...
    done in 41.3s
  [collect] gathering source stacks (src_limit=3)...
    done in 120.4s (3 sources)
  [single] evaluating 5 directions...
    rag...
      MAE=143.477, MAE+=59.961
    phys...
      MAE=115.602, MAE+=60.615
    causal...
      MAE=70.946, MAE+=60.771
    icl...
      MAE=160.895, MAE+=59.504
    hier...
      MAE=98.010, MAE+=60.220
  [equal] evaluating equal-weight fusion...
    MAE=113.691, MAE+=60.359
  [basismix] evaluating BasisMix fusion...
    MAE=78.201, MAE+=60.679
  [persistence] evaluating persistence baseline...
    MAE=71.952
  [DONE] SA1 seed 1 in 172.7s

[18/145] SA1 seed 2
  [donor] pool size: 4 regions (target + 3 sources)
  [predictors] training 5 directions on SA1...
    done in 42.6s
  [collect] gathering source stacks (src_limit=3)...
    done in 120.4s (3 sources)
  [single] evaluating 5 directions...
    rag...
      MAE=119.279, MAE+=60.302
    phys...
      MAE=89.539, MAE+=60.733
    causal...
      MAE=74.396, MAE+=60.746
    icl...
      MAE=152.308, MAE+=59.703
    hier...
      MAE=99.146, MAE+=60.042
  [equal] evaluating equal-weight fusion...
    MAE=103.907, MAE+=60.355
  [basismix] evaluating BasisMix fusion...
    MAE=79.809, MAE+=60.671
  [persistence] evaluating persistence baseline...
    MAE=71.952
  [DONE] SA1 seed 2 in 173.7s

[19/145] SA1 seed 3
  [donor] pool size: 4 regions (target + 3 sources)
  [predictors] training 5 directions on SA1...
    done in 41.5s
  [collect] gathering source stacks (src_limit=3)...
    done in 119.3s (3 sources)
  [single] evaluating 5 directions...
    rag...
      MAE=107.054, MAE+=60.490
    phys...
      MAE=108.316, MAE+=60.606
    causal...
      MAE=72.451, MAE+=60.771
    icl...
      MAE=163.342, MAE+=59.457
    hier...
      MAE=99.602, MAE+=60.114
  [equal] evaluating equal-weight fusion...
    MAE=106.836, MAE+=60.391
  [basismix] evaluating BasisMix fusion...
    MAE=79.101, MAE+=60.685
  [persistence] evaluating persistence baseline...
    MAE=71.952
  [DONE] SA1 seed 3 in 171.5s

[20/145] SA1 seed 4
  [donor] pool size: 4 regions (target + 3 sources)
  [predictors] training 5 directions on SA1...
    done in 41.1s
  [collect] gathering source stacks (src_limit=3)...
    done in 117.7s (3 sources)
  [single] evaluating 5 directions...
    rag...
      MAE=108.783, MAE+=60.513
    phys...
      MAE=100.363, MAE+=60.664
    causal...
      MAE=73.244, MAE+=60.740
    icl...
      MAE=163.662, MAE+=59.476
    hier...
      MAE=92.647, MAE+=60.377
  [equal] evaluating equal-weight fusion...
    MAE=104.394, MAE+=60.360
  [basismix] evaluating BasisMix fusion...
    MAE=82.836, MAE+=60.620
  [persistence] evaluating persistence baseline...
    MAE=71.952
  [DONE] SA1 seed 4 in 169.7s

[21/145] UK_01_North_Scotland seed 0
  [donor] pool size: 4 regions (target + 3 sources)
  [predictors] training 5 directions on UK_01_North_Scotland...
    done in 41.7s
  [collect] gathering source stacks (src_limit=3)...
    done in 119.6s (3 sources)
  [single] evaluating 5 directions...
    rag...
      MAE=95.937, MAE+=34.549
    phys...
      MAE=77.558, MAE+=34.908
    causal...
      MAE=65.741, MAE+=34.872
    icl...
      MAE=162.507, MAE+=33.278
    hier...
      MAE=109.418, MAE+=33.824
  [equal] evaluating equal-weight fusion...
    MAE=100.951, MAE+=34.117
  [basismix] evaluating BasisMix fusion...
    MAE=80.103, MAE+=34.690
  [persistence] evaluating persistence baseline...
    MAE=35.898
  [DONE] UK_01_North_Scotland seed 0 in 172.2s

[22/145] UK_01_North_Scotland seed 1
  [donor] pool size: 4 regions (target + 3 sources)
  [predictors] training 5 directions on UK_01_North_Scotland...
    done in 41.4s
  [collect] gathering source stacks (src_limit=3)...
    done in 120.8s (3 sources)
  [single] evaluating 5 directions...
    rag...
      MAE=139.452, MAE+=33.824
    phys...
      MAE=99.332, MAE+=34.670
    causal...
      MAE=49.536, MAE+=35.113
    icl...
      MAE=169.048, MAE+=33.195
    hier...
      MAE=104.287, MAE+=33.953
  [equal] evaluating equal-weight fusion...
    MAE=110.219, MAE+=33.975
  [basismix] evaluating BasisMix fusion...
    MAE=67.568, MAE+=34.820
  [persistence] evaluating persistence baseline...
    MAE=35.898
  [DONE] UK_01_North_Scotland seed 1 in 173.1s

[23/145] UK_01_North_Scotland seed 2
  [donor] pool size: 4 regions (target + 3 sources)
  [predictors] training 5 directions on UK_01_North_Scotland...
    done in 42.1s
  [collect] gathering source stacks (src_limit=3)...
    done in 121.5s (3 sources)
  [single] evaluating 5 directions...
    rag...
      MAE=111.097, MAE+=34.368
    phys...
      MAE=62.576, MAE+=35.106
    causal...
      MAE=55.673, MAE+=35.062
    icl...
      MAE=164.520, MAE+=33.173
    hier...
      MAE=106.379, MAE+=33.844
  [equal] evaluating equal-weight fusion...
    MAE=98.176, MAE+=34.272
  [basismix] evaluating BasisMix fusion...
    MAE=70.414, MAE+=34.817
  [persistence] evaluating persistence baseline...
    MAE=35.898
  [DONE] UK_01_North_Scotland seed 2 in 174.7s

[24/145] UK_01_North_Scotland seed 3
  [donor] pool size: 4 regions (target + 3 sources)
  [predictors] training 5 directions on UK_01_North_Scotland...
    done in 42.4s
  [collect] gathering source stacks (src_limit=3)...
    done in 121.4s (3 sources)
  [single] evaluating 5 directions...
    rag...
      MAE=94.589, MAE+=34.511
    phys...
      MAE=87.931, MAE+=34.792
    causal...
      MAE=50.156, MAE+=35.181
    icl...
      MAE=174.173, MAE+=33.106
    hier...
      MAE=105.837, MAE+=34.135
  [equal] evaluating equal-weight fusion...
    MAE=100.730, MAE+=34.115
  [basismix] evaluating BasisMix fusion...
    MAE=67.097, MAE+=34.864
  [persistence] evaluating persistence baseline...
    MAE=35.898
  [DONE] UK_01_North_Scotland seed 3 in 174.8s

[25/145] UK_01_North_Scotland seed 4
  [donor] pool size: 4 regions (target + 3 sources)
  [predictors] training 5 directions on UK_01_North_Scotland...
    done in 40.6s
  [collect] gathering source stacks (src_limit=3)...
    done in 119.1s (3 sources)
  [single] evaluating 5 directions...
    rag...
      MAE=101.367, MAE+=34.379
    phys...
      MAE=76.677, MAE+=34.907
    causal...
      MAE=54.392, MAE+=35.086
    icl...
      MAE=174.734, MAE+=32.929
    hier...
      MAE=95.654, MAE+=34.038
  [equal] evaluating equal-weight fusion...
    MAE=98.834, MAE+=34.109
  [basismix] evaluating BasisMix fusion...
    MAE=74.743, MAE+=34.720
  [persistence] evaluating persistence baseline...
    MAE=35.898
  [DONE] UK_01_North_Scotland seed 4 in 170.7s

[26/145] UK_02_South_Scotland seed 0
  [donor] pool size: 4 regions (target + 3 sources)
  [predictors] training 5 directions on UK_02_South_Scotland...
    done in 42.2s
  [collect] gathering source stacks (src_limit=3)...
    done in 122.6s (3 sources)
  [single] evaluating 5 directions...
    rag...
      MAE=59.773, MAE+=21.455
    phys...
      MAE=45.152, MAE+=21.623
    causal...
      MAE=37.790, MAE+=21.572
    icl...
      MAE=106.947, MAE+=20.664
    hier...
      MAE=67.941, MAE+=21.155
  [equal] evaluating equal-weight fusion...
    MAE=62.233, MAE+=21.264
  [basismix] evaluating BasisMix fusion...
    MAE=46.060, MAE+=21.511
  [persistence] evaluating persistence baseline...
    MAE=22.335
  [DONE] UK_02_South_Scotland seed 0 in 175.9s

[27/145] UK_02_South_Scotland seed 1
  [donor] pool size: 4 regions (target + 3 sources)
  [predictors] training 5 directions on UK_02_South_Scotland...
    done in 42.2s
  [collect] gathering source stacks (src_limit=3)...
    done in 118.0s (3 sources)
  [single] evaluating 5 directions...
    rag...
      MAE=92.694, MAE+=21.173
    phys...
      MAE=62.129, MAE+=21.505
    causal...
      MAE=27.260, MAE+=21.691
    icl...
      MAE=111.882, MAE+=20.662
    hier...
      MAE=67.117, MAE+=21.303
  [equal] evaluating equal-weight fusion...
    MAE=69.985, MAE+=21.164
  [basismix] evaluating BasisMix fusion...
    MAE=37.814, MAE+=21.585
  [persistence] evaluating persistence baseline...
    MAE=22.335
  [DONE] UK_02_South_Scotland seed 1 in 171.3s

[28/145] UK_02_South_Scotland seed 2
  [donor] pool size: 4 regions (target + 3 sources)
  [predictors] training 5 directions on UK_02_South_Scotland...
    done in 43.0s
  [collect] gathering source stacks (src_limit=3)...
    done in 118.5s (3 sources)
  [single] evaluating 5 directions...
    rag...
      MAE=72.776, MAE+=21.370
    phys...
      MAE=34.435, MAE+=21.700
    causal...
      MAE=32.293, MAE+=21.617
    icl...
      MAE=106.342, MAE+=20.649
    hier...
      MAE=65.599, MAE+=21.145
  [equal] evaluating equal-weight fusion...
    MAE=60.222, MAE+=21.279
  [basismix] evaluating BasisMix fusion...
    MAE=40.587, MAE+=21.569
  [persistence] evaluating persistence baseline...
    MAE=22.335
  [DONE] UK_02_South_Scotland seed 2 in 172.5s

[29/145] UK_02_South_Scotland seed 3
  [donor] pool size: 4 regions (target + 3 sources)
  [predictors] training 5 directions on UK_02_South_Scotland...
    done in 41.5s
  [collect] gathering source stacks (src_limit=3)...
    done in 118.3s (3 sources)
  [single] evaluating 5 directions...
    rag...
      MAE=58.248, MAE+=21.445
    phys...
      MAE=53.315, MAE+=21.567
    causal...
      MAE=28.682, MAE+=21.688
    icl...
      MAE=114.552, MAE+=20.629
    hier...
      MAE=66.114, MAE+=21.194
  [equal] evaluating equal-weight fusion...
    MAE=62.271, MAE+=21.220
  [basismix] evaluating BasisMix fusion...
    MAE=39.629, MAE+=21.572
  [persistence] evaluating persistence baseline...
    MAE=22.335
  [DONE] UK_02_South_Scotland seed 3 in 170.7s

[30/145] UK_02_South_Scotland seed 4
  [donor] pool size: 4 regions (target + 3 sources)
  [predictors] training 5 directions on UK_02_South_Scotland...
    done in 42.4s
  [collect] gathering source stacks (src_limit=3)...
    done in 121.5s (3 sources)
  [single] evaluating 5 directions...
    rag...
      MAE=63.985, MAE+=21.366
    phys...
      MAE=43.472, MAE+=21.633
    causal...
      MAE=31.754, MAE+=21.631
    icl...
      MAE=117.182, MAE+=20.592
    hier...
      MAE=59.427, MAE+=21.308
  [equal] evaluating equal-weight fusion...
    MAE=61.270, MAE+=21.281
  [basismix] evaluating BasisMix fusion...
    MAE=44.651, MAE+=21.516
  [persistence] evaluating persistence baseline...
    MAE=22.335
  [DONE] UK_02_South_Scotland seed 4 in 175.0s

[31/145] UK_03_North_West_England seed 0
  [donor] pool size: 4 regions (target + 3 sources)
  [predictors] training 5 directions on UK_03_North_West_England...
    done in 40.0s
  [collect] gathering source stacks (src_limit=3)...
    done in 119.7s (3 sources)
  [single] evaluating 5 directions...
    rag...
      MAE=51.918, MAE+=27.844
    phys...
      MAE=42.386, MAE+=27.932
    causal...
      MAE=36.018, MAE+=27.900
    icl...
      MAE=81.288, MAE+=27.373
    hier...
      MAE=55.094, MAE+=27.622
  [equal] evaluating equal-weight fusion...
    MAE=52.099, MAE+=27.791
  [basismix] evaluating BasisMix fusion...
    MAE=40.532, MAE+=27.897
  [persistence] evaluating persistence baseline...
    MAE=28.113
  [DONE] UK_03_North_West_England seed 0 in 170.8s

[32/145] UK_03_North_West_England seed 1
  [donor] pool size: 4 regions (target + 3 sources)
  [predictors] training 5 directions on UK_03_North_West_England...
    done in 41.9s
  [collect] gathering source stacks (src_limit=3)...
    done in 121.3s (3 sources)
  [single] evaluating 5 directions...
    rag...
      MAE=74.930, MAE+=27.704
    phys...
      MAE=53.632, MAE+=27.874
    causal...
      MAE=30.447, MAE+=27.972
    icl...
      MAE=88.818, MAE+=27.312
    hier...
      MAE=54.193, MAE+=27.697
  [equal] evaluating equal-weight fusion...
    MAE=57.941, MAE+=27.738
  [basismix] evaluating BasisMix fusion...
    MAE=34.952, MAE+=27.930
  [persistence] evaluating persistence baseline...
    MAE=28.113
  [DONE] UK_03_North_West_England seed 1 in 174.1s

[33/145] UK_03_North_West_England seed 2
  [donor] pool size: 4 regions (target + 3 sources)
  [predictors] training 5 directions on UK_03_North_West_England...
    done in 41.5s
  [collect] gathering source stacks (src_limit=3)...
    done in 123.8s (3 sources)
  [single] evaluating 5 directions...
    rag...
      MAE=60.724, MAE+=27.828
    phys...
      MAE=35.184, MAE+=27.966
    causal...
      MAE=32.745, MAE+=27.939
    icl...
      MAE=83.129, MAE+=27.315
    hier...
      MAE=54.962, MAE+=27.652
  [equal] evaluating equal-weight fusion...
    MAE=51.289, MAE+=27.790
  [basismix] evaluating BasisMix fusion...
    MAE=37.024, MAE+=27.908
  [persistence] evaluating persistence baseline...
    MAE=28.113
  [DONE] UK_03_North_West_England seed 2 in 176.3s

[34/145] UK_03_North_West_England seed 3
  [donor] pool size: 4 regions (target + 3 sources)
  [predictors] training 5 directions on UK_03_North_West_England...
    done in 42.1s
  [collect] gathering source stacks (src_limit=3)...
    done in 119.3s (3 sources)
  [single] evaluating 5 directions...
    rag...
      MAE=50.201, MAE+=27.885
    phys...
      MAE=47.703, MAE+=27.822
    causal...
      MAE=31.363, MAE+=27.989
    icl...
      MAE=88.317, MAE+=27.304
    hier...
      MAE=53.704, MAE+=27.653
  [equal] evaluating equal-weight fusion...
    MAE=52.304, MAE+=27.795
  [basismix] evaluating BasisMix fusion...
    MAE=36.140, MAE+=27.929
  [persistence] evaluating persistence baseline...
    MAE=28.113
  [DONE] UK_03_North_West_England seed 3 in 172.2s

[35/145] UK_03_North_West_England seed 4
  [donor] pool size: 4 regions (target + 3 sources)
  [predictors] training 5 directions on UK_03_North_West_England...
    done in 41.9s
  [collect] gathering source stacks (src_limit=3)...
    done in 121.8s (3 sources)
  [single] evaluating 5 directions...
    rag...
      MAE=53.760, MAE+=27.854
    phys...
      MAE=40.880, MAE+=27.940
    causal...
      MAE=32.956, MAE+=27.948
    icl...
      MAE=89.437, MAE+=27.262
    hier...
      MAE=51.374, MAE+=27.763
  [equal] evaluating equal-weight fusion...
    MAE=51.812, MAE+=27.797
  [basismix] evaluating BasisMix fusion...
    MAE=40.251, MAE+=27.813
  [persistence] evaluating persistence baseline...
    MAE=28.113
  [DONE] UK_03_North_West_England seed 4 in 174.9s

[36/145] UK_05_Yorkshire seed 0
  [donor] pool size: 4 regions (target + 3 sources)
  [predictors] training 5 directions on UK_05_Yorkshire...
    done in 41.6s
  [collect] gathering source stacks (src_limit=3)...
    done in 121.9s (3 sources)
  [single] evaluating 5 directions...
    rag...
      MAE=65.473, MAE+=45.979
    phys...
      MAE=63.930, MAE+=46.242
    causal...
      MAE=49.743, MAE+=46.200
    icl...
      MAE=93.110, MAE+=44.770
    hier...
      MAE=61.280, MAE+=45.407
  [equal] evaluating equal-weight fusion...
    MAE=63.900, MAE+=45.790
  [basismix] evaluating BasisMix fusion...
    MAE=52.064, MAE+=46.169
  [persistence] evaluating persistence baseline...
    MAE=53.591
  [DONE] UK_05_Yorkshire seed 0 in 175.3s

[37/145] UK_05_Yorkshire seed 1
  [donor] pool size: 4 regions (target + 3 sources)
  [predictors] training 5 directions on UK_05_Yorkshire...
    done in 42.8s
  [collect] gathering source stacks (src_limit=3)...
    done in 123.1s (3 sources)
  [single] evaluating 5 directions...
    rag...
      MAE=90.729, MAE+=45.358
    phys...
      MAE=72.734, MAE+=46.145
    causal...
      MAE=48.729, MAE+=46.305
    icl...
      MAE=99.438, MAE+=44.670
    hier...
      MAE=58.469, MAE+=45.310
  [equal] evaluating equal-weight fusion...
    MAE=68.236, MAE+=45.656
  [basismix] evaluating BasisMix fusion...
    MAE=49.084, MAE+=46.303
  [persistence] evaluating persistence baseline...
    MAE=53.591
  [DONE] UK_05_Yorkshire seed 1 in 177.6s

[38/145] UK_05_Yorkshire seed 2
  [donor] pool size: 4 regions (target + 3 sources)
  [predictors] training 5 directions on UK_05_Yorkshire...
    done in 40.3s
  [collect] gathering source stacks (src_limit=3)...
    done in 124.7s (3 sources)
  [single] evaluating 5 directions...
    rag...
      MAE=73.875, MAE+=45.827
    phys...
      MAE=56.425, MAE+=46.336
    causal...
      MAE=49.496, MAE+=46.236
    icl...
      MAE=92.433, MAE+=44.695
    hier...
      MAE=59.751, MAE+=45.310
  [equal] evaluating equal-weight fusion...
    MAE=62.945, MAE+=45.730
  [basismix] evaluating BasisMix fusion...
    MAE=51.384, MAE+=46.155
  [persistence] evaluating persistence baseline...
    MAE=53.591
  [DONE] UK_05_Yorkshire seed 2 in 177.1s

[39/145] UK_05_Yorkshire seed 3
  [donor] pool size: 4 regions (target + 3 sources)
  [predictors] training 5 directions on UK_05_Yorkshire...
    done in 41.9s
  [collect] gathering source stacks (src_limit=3)...
    done in 124.2s (3 sources)
  [single] evaluating 5 directions...
    rag...
      MAE=64.947, MAE+=45.899
    phys...
      MAE=67.683, MAE+=46.189
    causal...
      MAE=48.716, MAE+=46.136
    icl...
      MAE=101.164, MAE+=44.571
    hier...
      MAE=60.497, MAE+=45.426
  [equal] evaluating equal-weight fusion...
    MAE=64.217, MAE+=45.737
  [basismix] evaluating BasisMix fusion...
    MAE=50.091, MAE+=46.290
  [persistence] evaluating persistence baseline...
    MAE=53.591
  [DONE] UK_05_Yorkshire seed 3 in 178.1s

[40/145] UK_05_Yorkshire seed 4
  [donor] pool size: 4 regions (target + 3 sources)
  [predictors] training 5 directions on UK_05_Yorkshire...
    done in 40.1s
  [collect] gathering source stacks (src_limit=3)...
    done in 124.6s (3 sources)
  [single] evaluating 5 directions...
    rag...
      MAE=66.566, MAE+=45.880
    phys...
      MAE=62.511, MAE+=46.257
    causal...
      MAE=48.685, MAE+=46.277
    icl...
      MAE=96.882, MAE+=44.671
    hier...
      MAE=56.971, MAE+=45.703
  [equal] evaluating equal-weight fusion...
    MAE=62.582, MAE+=45.798
  [basismix] evaluating BasisMix fusion...
    MAE=51.615, MAE+=46.201
  [persistence] evaluating persistence baseline...
    MAE=53.591
  [DONE] UK_05_Yorkshire seed 4 in 176.5s

[41/145] UK_06_North_Wales_Merseyside seed 0
  [donor] pool size: 4 regions (target + 3 sources)
  [predictors] training 5 directions on UK_06_North_Wales_Merseyside...
    done in 42.1s
  [collect] gathering source stacks (src_limit=3)...
    done in 129.2s (3 sources)
  [single] evaluating 5 directions...
    rag...
      MAE=80.055, MAE+=51.484
    phys...
      MAE=71.293, MAE+=51.533
    causal...
      MAE=61.614, MAE+=51.482
    icl...
      MAE=111.797, MAE+=50.490
    hier...
      MAE=83.323, MAE+=51.157
  [equal] evaluating equal-weight fusion...
    MAE=80.198, MAE+=51.474
  [basismix] evaluating BasisMix fusion...
    MAE=67.073, MAE+=51.509
  [persistence] evaluating persistence baseline...
    MAE=51.519
  [DONE] UK_06_North_Wales_Merseyside seed 0 in 183.9s

[42/145] UK_06_North_Wales_Merseyside seed 1
  [donor] pool size: 4 regions (target + 3 sources)
  [predictors] training 5 directions on UK_06_North_Wales_Merseyside...
    done in 42.7s
  [collect] gathering source stacks (src_limit=3)...
    done in 129.8s (3 sources)
  [single] evaluating 5 directions...
    rag...
      MAE=104.400, MAE+=51.273
    phys...
      MAE=83.038, MAE+=51.491
    causal...
      MAE=55.017, MAE+=51.556
    icl...
      MAE=120.208, MAE+=50.364
    hier...
      MAE=80.252, MAE+=51.201
  [equal] evaluating equal-weight fusion...
    MAE=86.078, MAE+=51.239
  [basismix] evaluating BasisMix fusion...
    MAE=60.665, MAE+=51.526
  [persistence] evaluating persistence baseline...
    MAE=51.519
  [DONE] UK_06_North_Wales_Merseyside seed 1 in 185.3s

[43/145] UK_06_North_Wales_Merseyside seed 2
  [donor] pool size: 4 regions (target + 3 sources)
  [predictors] training 5 directions on UK_06_North_Wales_Merseyside...
    done in 44.2s
  [collect] gathering source stacks (src_limit=3)...
    done in 126.1s (3 sources)
  [single] evaluating 5 directions...
    rag...
      MAE=89.322, MAE+=51.403
    phys...
      MAE=63.091, MAE+=51.537
    causal...
      MAE=58.048, MAE+=51.486
    icl...
      MAE=113.611, MAE+=50.411
    hier...
      MAE=80.553, MAE+=51.181
  [equal] evaluating equal-weight fusion...
    MAE=78.775, MAE+=51.478
  [basismix] evaluating BasisMix fusion...
    MAE=63.515, MAE+=51.499
  [persistence] evaluating persistence baseline...
    MAE=51.519
  [DONE] UK_06_North_Wales_Merseyside seed 2 in 183.1s

[44/145] UK_06_North_Wales_Merseyside seed 3
  [donor] pool size: 4 regions (target + 3 sources)
  [predictors] training 5 directions on UK_06_North_Wales_Merseyside...
    done in 45.0s
  [collect] gathering source stacks (src_limit=3)...
    done in 131.9s (3 sources)
  [single] evaluating 5 directions...
    rag...
      MAE=79.444, MAE+=51.474
    phys...
      MAE=76.676, MAE+=51.497
    causal...
      MAE=55.574, MAE+=51.592
    icl...
      MAE=119.889, MAE+=50.353
    hier...
      MAE=82.631, MAE+=51.250
  [equal] evaluating equal-weight fusion...
    MAE=80.725, MAE+=51.482
  [basismix] evaluating BasisMix fusion...
    MAE=62.518, MAE+=51.513
  [persistence] evaluating persistence baseline...
    MAE=51.519
  [DONE] UK_06_North_Wales_Merseyside seed 3 in 190.0s

[45/145] UK_06_North_Wales_Merseyside seed 4
  [donor] pool size: 4 regions (target + 3 sources)
  [predictors] training 5 directions on UK_06_North_Wales_Merseyside...
    done in 44.9s
  [collect] gathering source stacks (src_limit=3)...
    done in 132.4s (3 sources)
  [single] evaluating 5 directions...
    rag...
      MAE=81.894, MAE+=51.427
    phys...
      MAE=70.109, MAE+=51.542
    causal...
      MAE=57.319, MAE+=51.615
    icl...
      MAE=120.435, MAE+=50.337
    hier...
      MAE=75.327, MAE+=51.167
  [equal] evaluating equal-weight fusion...
    MAE=79.022, MAE+=51.481
  [basismix] evaluating BasisMix fusion...
    MAE=64.102, MAE+=51.493
  [persistence] evaluating persistence baseline...
    MAE=51.519
  [DONE] UK_06_North_Wales_Merseyside seed 4 in 190.2s

[46/145] UK_07_South_Wales seed 0
  [donor] pool size: 4 regions (target + 3 sources)
  [predictors] training 5 directions on UK_07_South_Wales...
    done in 44.6s
  [collect] gathering source stacks (src_limit=3)...
    done in 129.0s (3 sources)
  [single] evaluating 5 directions...
    rag...
      MAE=74.414, MAE+=72.016
    phys...
      MAE=73.835, MAE+=71.937
    causal...
      MAE=70.424, MAE+=70.999
    icl...
      MAE=77.375, MAE+=72.051
    hier...
      MAE=87.684, MAE+=71.733
  [equal] evaluating equal-weight fusion...
    MAE=74.488, MAE+=71.685
  [basismix] evaluating BasisMix fusion...
    MAE=72.582, MAE+=71.623
  [persistence] evaluating persistence baseline...
    MAE=76.207
  [DONE] UK_07_South_Wales seed 0 in 186.4s

[47/145] UK_07_South_Wales seed 1
  [donor] pool size: 4 regions (target + 3 sources)
  [predictors] training 5 directions on UK_07_South_Wales...
    done in 46.8s
  [collect] gathering source stacks (src_limit=3)...
    done in 128.8s (3 sources)
  [single] evaluating 5 directions...
    rag...
      MAE=78.880, MAE+=70.906
    phys...
      MAE=74.273, MAE+=72.038
    causal...
      MAE=71.207, MAE+=72.392
    icl...
      MAE=77.912, MAE+=71.827
    hier...
      MAE=88.113, MAE+=71.656
  [equal] evaluating equal-weight fusion...
    MAE=75.458, MAE+=71.688
  [basismix] evaluating BasisMix fusion...
    MAE=73.135, MAE+=71.915
  [persistence] evaluating persistence baseline...
    MAE=76.207
  [DONE] UK_07_South_Wales seed 1 in 188.7s

[48/145] UK_07_South_Wales seed 2
  [donor] pool size: 4 regions (target + 3 sources)
  [predictors] training 5 directions on UK_07_South_Wales...
    done in 45.6s
  [collect] gathering source stacks (src_limit=3)...
    done in 129.7s (3 sources)
  [single] evaluating 5 directions...
    rag...
      MAE=75.596, MAE+=71.649
    phys...
      MAE=73.218, MAE+=72.092
    causal...
      MAE=71.909, MAE+=72.200
    icl...
      MAE=77.919, MAE+=71.744
    hier...
      MAE=88.335, MAE+=71.728
  [equal] evaluating equal-weight fusion...
    MAE=74.760, MAE+=71.738
  [basismix] evaluating BasisMix fusion...
    MAE=72.018, MAE+=72.104
  [persistence] evaluating persistence baseline...
    MAE=76.207
  [DONE] UK_07_South_Wales seed 2 in 188.2s

[49/145] UK_07_South_Wales seed 3
  [donor] pool size: 4 regions (target + 3 sources)
  [predictors] training 5 directions on UK_07_South_Wales...
    done in 42.8s
  [collect] gathering source stacks (src_limit=3)...
    done in 126.1s (3 sources)
  [single] evaluating 5 directions...
    rag...
      MAE=74.631, MAE+=71.744
    phys...
      MAE=73.573, MAE+=71.906
    causal...
      MAE=71.213, MAE+=72.163
    icl...
      MAE=77.876, MAE+=71.765
    hier...
      MAE=88.242, MAE+=71.716
  [equal] evaluating equal-weight fusion...
    MAE=74.482, MAE+=71.716
  [basismix] evaluating BasisMix fusion...
    MAE=71.874, MAE+=72.010
  [persistence] evaluating persistence baseline...
    MAE=76.207
  [DONE] UK_07_South_Wales seed 3 in 182.1s

[50/145] UK_07_South_Wales seed 4
  [donor] pool size: 4 regions (target + 3 sources)
  [predictors] training 5 directions on UK_07_South_Wales...
    done in 44.8s
  [collect] gathering source stacks (src_limit=3)...
    done in 129.2s (3 sources)
  [single] evaluating 5 directions...
    rag...
      MAE=74.837, MAE+=71.735
    phys...
      MAE=73.685, MAE+=71.960
    causal...
      MAE=71.221, MAE+=72.163
    icl...
      MAE=78.824, MAE+=71.704
    hier...
      MAE=85.063, MAE+=71.765
  [equal] evaluating equal-weight fusion...
    MAE=74.364, MAE+=71.937
  [basismix] evaluating BasisMix fusion...
    MAE=72.277, MAE+=72.002
  [persistence] evaluating persistence baseline...
    MAE=76.207
  [DONE] UK_07_South_Wales seed 4 in 187.0s

[51/145] UK_08_West_Midlands seed 0
  [donor] pool size: 4 regions (target + 3 sources)
  [predictors] training 5 directions on UK_08_West_Midlands...
    done in 43.1s
  [collect] gathering source stacks (src_limit=3)...
    done in 126.4s (3 sources)
  [single] evaluating 5 directions...
    rag...
      MAE=93.720, MAE+=77.826
    phys...
      MAE=90.443, MAE+=77.934
    causal...
      MAE=85.027, MAE+=77.854
    icl...
      MAE=111.746, MAE+=77.561
    hier...
      MAE=98.972, MAE+=77.516
  [equal] evaluating equal-weight fusion...
    MAE=94.706, MAE+=77.730
  [basismix] evaluating BasisMix fusion...
    MAE=86.538, MAE+=77.914
  [persistence] evaluating persistence baseline...
    MAE=80.487
  [DONE] UK_08_West_Midlands seed 0 in 182.1s

[52/145] UK_08_West_Midlands seed 1
  [donor] pool size: 4 regions (target + 3 sources)
  [predictors] training 5 directions on UK_08_West_Midlands...
    done in 46.0s
  [collect] gathering source stacks (src_limit=3)...
    done in 131.0s (3 sources)
  [single] evaluating 5 directions...
    rag...
      MAE=105.958, MAE+=77.489
    phys...
      MAE=94.975, MAE+=77.838
    causal...
      MAE=80.893, MAE+=78.075
    icl...
      MAE=114.741, MAE+=77.566
    hier...
      MAE=97.837, MAE+=77.436
  [equal] evaluating equal-weight fusion...
    MAE=97.023, MAE+=77.658
  [basismix] evaluating BasisMix fusion...
    MAE=83.271, MAE+=78.000
  [persistence] evaluating persistence baseline...
    MAE=80.487
  [DONE] UK_08_West_Midlands seed 1 in 189.9s

[53/145] UK_08_West_Midlands seed 2
  [donor] pool size: 4 regions (target + 3 sources)
  [predictors] training 5 directions on UK_08_West_Midlands...
    done in 45.5s
  [collect] gathering source stacks (src_limit=3)...
    done in 133.0s (3 sources)
  [single] evaluating 5 directions...
    rag...
      MAE=97.682, MAE+=77.714
    phys...
      MAE=86.309, MAE+=77.997
    causal...
      MAE=82.820, MAE+=77.952
    icl...
      MAE=112.352, MAE+=77.578
    hier...
      MAE=98.012, MAE+=77.509
  [equal] evaluating equal-weight fusion...
    MAE=93.905, MAE+=77.730
  [basismix] evaluating BasisMix fusion...
    MAE=84.552, MAE+=77.836
  [persistence] evaluating persistence baseline...
    MAE=80.487
  [DONE] UK_08_West_Midlands seed 2 in 191.3s

[54/145] UK_08_West_Midlands seed 3
  [donor] pool size: 4 regions (target + 3 sources)
  [predictors] training 5 directions on UK_08_West_Midlands...
    done in 45.4s
  [collect] gathering source stacks (src_limit=3)...
    done in 128.2s (3 sources)
  [single] evaluating 5 directions...
    rag...
      MAE=93.321, MAE+=77.797
    phys...
      MAE=92.363, MAE+=77.861
    causal...
      MAE=81.331, MAE+=78.081
    icl...
      MAE=116.704, MAE+=77.515
    hier...
      MAE=97.966, MAE+=77.559
  [equal] evaluating equal-weight fusion...
    MAE=94.604, MAE+=77.749
  [basismix] evaluating BasisMix fusion...
    MAE=83.344, MAE+=77.991
  [persistence] evaluating persistence baseline...
    MAE=80.487
  [DONE] UK_08_West_Midlands seed 3 in 186.2s

[55/145] UK_08_West_Midlands seed 4
  [donor] pool size: 4 regions (target + 3 sources)
  [predictors] training 5 directions on UK_08_West_Midlands...
    done in 44.7s
  [collect] gathering source stacks (src_limit=3)...
    done in 127.6s (3 sources)
  [single] evaluating 5 directions...
    rag...
      MAE=94.453, MAE+=77.782
    phys...
      MAE=89.509, MAE+=77.929
    causal...
      MAE=82.086, MAE+=78.000
    icl...
      MAE=114.868, MAE+=77.544
    hier...
      MAE=95.798, MAE+=77.796
  [equal] evaluating equal-weight fusion...
    MAE=93.894, MAE+=77.789
  [basismix] evaluating BasisMix fusion...
    MAE=84.890, MAE+=77.929
  [persistence] evaluating persistence baseline...
    MAE=80.487
  [DONE] UK_08_West_Midlands seed 4 in 185.1s

[56/145] UK_09_East_Midlands seed 0
  [donor] pool size: 4 regions (target + 3 sources)
  [predictors] training 5 directions on UK_09_East_Midlands...
    done in 45.4s
  [collect] gathering source stacks (src_limit=3)...
    done in 132.7s (3 sources)
  [single] evaluating 5 directions...
    rag...
      MAE=93.690, MAE+=84.877
    phys...
      MAE=91.195, MAE+=84.972
    causal...
      MAE=91.763, MAE+=84.942
    icl...
      MAE=102.061, MAE+=84.546
    hier...
      MAE=109.516, MAE+=84.365
  [equal] evaluating equal-weight fusion...
    MAE=96.083, MAE+=84.983
  [basismix] evaluating BasisMix fusion...
    MAE=91.917, MAE+=84.947
  [persistence] evaluating persistence baseline...
    MAE=96.729
  [DONE] UK_09_East_Midlands seed 0 in 190.7s

[57/145] UK_09_East_Midlands seed 1
  [donor] pool size: 4 regions (target + 3 sources)
  [predictors] training 5 directions on UK_09_East_Midlands...
    done in 46.3s
  [collect] gathering source stacks (src_limit=3)...
    done in 132.3s (3 sources)
  [single] evaluating 5 directions...
    rag...
      MAE=99.817, MAE+=84.168
    phys...
      MAE=92.161, MAE+=85.063
    causal...
      MAE=92.470, MAE+=85.343
    icl...
      MAE=102.013, MAE+=84.333
    hier...
      MAE=109.728, MAE+=84.241
  [equal] evaluating equal-weight fusion...
    MAE=97.157, MAE+=84.921
  [basismix] evaluating BasisMix fusion...
    MAE=91.699, MAE+=85.199
  [persistence] evaluating persistence baseline...
    MAE=96.729
  [DONE] UK_09_East_Midlands seed 1 in 191.5s

[58/145] UK_09_East_Midlands seed 2
  [donor] pool size: 4 regions (target + 3 sources)
  [predictors] training 5 directions on UK_09_East_Midlands...
    done in 44.8s
  [collect] gathering source stacks (src_limit=3)...
    done in 131.6s (3 sources)
  [single] evaluating 5 directions...
    rag...
      MAE=95.304, MAE+=84.907
    phys...
      MAE=90.441, MAE+=85.075
    causal...
      MAE=91.532, MAE+=85.130
    icl...
      MAE=101.023, MAE+=84.591
    hier...
      MAE=110.318, MAE+=84.370
  [equal] evaluating equal-weight fusion...
    MAE=95.899, MAE+=85.027
  [basismix] evaluating BasisMix fusion...
    MAE=91.474, MAE+=85.047
  [persistence] evaluating persistence baseline...
    MAE=96.729
  [DONE] UK_09_East_Midlands seed 2 in 189.5s

[59/145] UK_09_East_Midlands seed 3
  [donor] pool size: 4 regions (target + 3 sources)
  [predictors] training 5 directions on UK_09_East_Midlands...
    done in 46.1s
  [collect] gathering source stacks (src_limit=3)...
    done in 132.2s (3 sources)
  [single] evaluating 5 directions...
    rag...
      MAE=94.535, MAE+=85.063
    phys...
      MAE=91.849, MAE+=84.857
    causal...
      MAE=92.170, MAE+=85.042
    icl...
      MAE=102.766, MAE+=84.476
    hier...
      MAE=109.252, MAE+=84.342
  [equal] evaluating equal-weight fusion...
    MAE=96.149, MAE+=84.956
  [basismix] evaluating BasisMix fusion...
    MAE=91.798, MAE+=85.076
  [persistence] evaluating persistence baseline...
    MAE=96.729
  [DONE] UK_09_East_Midlands seed 3 in 191.3s

[60/145] UK_09_East_Midlands seed 4
  [donor] pool size: 4 regions (target + 3 sources)
  [predictors] training 5 directions on UK_09_East_Midlands...
    done in 45.3s
  [collect] gathering source stacks (src_limit=3)...
    done in 136.2s (3 sources)
  [single] evaluating 5 directions...
    rag...
      MAE=95.424, MAE+=84.997
    phys...
      MAE=90.915, MAE+=84.973
    causal...
      MAE=91.549, MAE+=85.034
    icl...
      MAE=102.304, MAE+=84.492
    hier...
      MAE=106.798, MAE+=84.554
  [equal] evaluating equal-weight fusion...
    MAE=95.653, MAE+=85.030
  [basismix] evaluating BasisMix fusion...
    MAE=91.518, MAE+=84.975
  [persistence] evaluating persistence baseline...
    MAE=96.729
  [DONE] UK_09_East_Midlands seed 4 in 194.1s

[61/145] UK_10_East_England seed 0
  [donor] pool size: 4 regions (target + 3 sources)
  [predictors] training 5 directions on UK_10_East_England...
    done in 45.9s
  [collect] gathering source stacks (src_limit=3)...
    done in 134.7s (3 sources)
  [single] evaluating 5 directions...
    rag...
      MAE=85.580, MAE+=56.934
    phys...
      MAE=83.209, MAE+=56.902
    causal...
      MAE=67.192, MAE+=57.173
    icl...
      MAE=111.441, MAE+=55.066
    hier...
      MAE=81.091, MAE+=55.607
  [equal] evaluating equal-weight fusion...
    MAE=84.012, MAE+=56.641
  [basismix] evaluating BasisMix fusion...
    MAE=70.859, MAE+=57.078
  [persistence] evaluating persistence baseline...
    MAE=59.975
  [DONE] UK_10_East_England seed 0 in 193.3s

[62/145] UK_10_East_England seed 1
  [donor] pool size: 4 regions (target + 3 sources)
  [predictors] training 5 directions on UK_10_East_England...
    done in 45.9s
  [collect] gathering source stacks (src_limit=3)...
    done in 128.0s (3 sources)
  [single] evaluating 5 directions...
    rag...
      MAE=108.769, MAE+=56.073
    phys...
      MAE=92.065, MAE+=57.049
    causal...
      MAE=61.558, MAE+=57.249
    icl...
      MAE=114.996, MAE+=54.646
    hier...
      MAE=77.834, MAE+=55.965
  [equal] evaluating equal-weight fusion...
    MAE=87.749, MAE+=56.519
  [basismix] evaluating BasisMix fusion...
    MAE=64.970, MAE+=57.107
  [persistence] evaluating persistence baseline...
    MAE=59.975
  [DONE] UK_10_East_England seed 1 in 186.8s

[63/145] UK_10_East_England seed 2
  [donor] pool size: 4 regions (target + 3 sources)
  [predictors] training 5 directions on UK_10_East_England...
    done in 47.1s
  [collect] gathering source stacks (src_limit=3)...
    done in 133.2s (3 sources)
  [single] evaluating 5 directions...
    rag...
      MAE=93.455, MAE+=56.847
    phys...
      MAE=75.081, MAE+=57.151
    causal...
      MAE=64.734, MAE+=57.084
    icl...
      MAE=108.786, MAE+=54.723
    hier...
      MAE=77.728, MAE+=55.666
  [equal] evaluating equal-weight fusion...
    MAE=81.835, MAE+=56.752
  [basismix] evaluating BasisMix fusion...
    MAE=68.285, MAE+=56.994
  [persistence] evaluating persistence baseline...
    MAE=59.975
  [DONE] UK_10_East_England seed 2 in 193.5s

[64/145] UK_10_East_England seed 3
  [donor] pool size: 4 regions (target + 3 sources)
  [predictors] training 5 directions on UK_10_East_England...
    done in 45.2s
  [collect] gathering source stacks (src_limit=3)...
    done in 134.8s (3 sources)
  [single] evaluating 5 directions...
    rag...
      MAE=84.936, MAE+=57.032
    phys...
      MAE=87.131, MAE+=57.145
    causal...
      MAE=62.376, MAE+=57.199
    icl...
      MAE=117.191, MAE+=54.492
    hier...
      MAE=79.757, MAE+=55.836
  [equal] evaluating equal-weight fusion...
    MAE=83.913, MAE+=56.617
  [basismix] evaluating BasisMix fusion...
    MAE=66.590, MAE+=56.950
  [persistence] evaluating persistence baseline...
    MAE=59.975
  [DONE] UK_10_East_England seed 3 in 192.9s

[65/145] UK_10_East_England seed 4
  [donor] pool size: 4 regions (target + 3 sources)
  [predictors] training 5 directions on UK_10_East_England...
    done in 45.3s
  [collect] gathering source stacks (src_limit=3)...
    done in 133.3s (3 sources)
  [single] evaluating 5 directions...
    rag...
      MAE=85.760, MAE+=56.924
    phys...
      MAE=81.641, MAE+=56.928
    causal...
      MAE=62.871, MAE+=57.132
    icl...
      MAE=114.062, MAE+=54.638
    hier...
      MAE=74.106, MAE+=56.460
  [equal] evaluating equal-weight fusion...
    MAE=81.488, MAE+=56.795
  [basismix] evaluating BasisMix fusion...
    MAE=68.150, MAE+=56.948
  [persistence] evaluating persistence baseline...
    MAE=59.975
  [DONE] UK_10_East_England seed 4 in 191.5s

[66/145] UK_11_South_West_England seed 0
  [donor] pool size: 4 regions (target + 3 sources)
  [predictors] training 5 directions on UK_11_South_West_England...
    done in 45.9s
  [collect] gathering source stacks (src_limit=3)...
    done in 135.2s (3 sources)
  [single] evaluating 5 directions...
    rag...
      MAE=51.810, MAE+=49.469
    phys...
      MAE=50.633, MAE+=49.463
    causal...
      MAE=48.541, MAE+=49.539
    icl...
      MAE=52.156, MAE+=49.541
    hier...
      MAE=70.198, MAE+=49.494
  [equal] evaluating equal-weight fusion...
    MAE=51.971, MAE+=49.423
  [basismix] evaluating BasisMix fusion...
    MAE=48.544, MAE+=49.386
  [persistence] evaluating persistence baseline...
    MAE=50.530
  [DONE] UK_11_South_West_England seed 0 in 194.4s

[67/145] UK_11_South_West_England seed 1
  [donor] pool size: 4 regions (target + 3 sources)
  [predictors] training 5 directions on UK_11_South_West_England...
    done in 46.3s
  [collect] gathering source stacks (src_limit=3)...
    done in 135.4s (3 sources)
  [single] evaluating 5 directions...
    rag...
      MAE=57.039, MAE+=49.317
    phys...
      MAE=50.846, MAE+=49.438
    causal...
      MAE=49.309, MAE+=49.964
    icl...
      MAE=52.219, MAE+=49.575
    hier...
      MAE=70.859, MAE+=49.596
  [equal] evaluating equal-weight fusion...
    MAE=53.040, MAE+=49.448
  [basismix] evaluating BasisMix fusion...
    MAE=49.421, MAE+=49.616
  [persistence] evaluating persistence baseline...
    MAE=50.530
  [DONE] UK_11_South_West_England seed 1 in 195.0s

[68/145] UK_11_South_West_England seed 2
  [donor] pool size: 4 regions (target + 3 sources)
  [predictors] training 5 directions on UK_11_South_West_England...
    done in 45.9s
  [collect] gathering source stacks (src_limit=3)...
    done in 132.4s (3 sources)
  [single] evaluating 5 directions...
    rag...
      MAE=53.203, MAE+=49.404
    phys...
      MAE=49.912, MAE+=49.810
    causal...
      MAE=50.121, MAE+=49.977
    icl...
      MAE=51.577, MAE+=49.546
    hier...
      MAE=71.964, MAE+=49.465
  [equal] evaluating equal-weight fusion...
    MAE=52.177, MAE+=49.438
  [basismix] evaluating BasisMix fusion...
    MAE=49.253, MAE+=49.504
  [persistence] evaluating persistence baseline...
    MAE=50.530
  [DONE] UK_11_South_West_England seed 2 in 191.8s

[69/145] UK_11_South_West_England seed 3
  [donor] pool size: 4 regions (target + 3 sources)
  [predictors] training 5 directions on UK_11_South_West_England...
    done in 45.5s
  [collect] gathering source stacks (src_limit=3)...
    done in 137.5s (3 sources)
  [single] evaluating 5 directions...
    rag...
      MAE=52.168, MAE+=49.431
    phys...
      MAE=50.595, MAE+=49.434
    causal...
      MAE=49.343, MAE+=49.971
    icl...
      MAE=52.254, MAE+=49.582
    hier...
      MAE=71.824, MAE+=49.545
  [equal] evaluating equal-weight fusion...
    MAE=52.150, MAE+=49.456
  [basismix] evaluating BasisMix fusion...
    MAE=49.285, MAE+=49.555
  [persistence] evaluating persistence baseline...
    MAE=50.530
  [DONE] UK_11_South_West_England seed 3 in 196.2s

[70/145] UK_11_South_West_England seed 4
  [donor] pool size: 4 regions (target + 3 sources)
  [predictors] training 5 directions on UK_11_South_West_England...
    done in 46.7s
  [collect] gathering source stacks (src_limit=3)...
    done in 134.2s (3 sources)
  [single] evaluating 5 directions...
    rag...
      MAE=52.750, MAE+=49.435
    phys...
      MAE=50.572, MAE+=49.473
    causal...
      MAE=48.687, MAE+=49.858
    icl...
      MAE=51.889, MAE+=49.559
    hier...
      MAE=67.118, MAE+=49.528
  [equal] evaluating equal-weight fusion...
    MAE=51.762, MAE+=49.444
  [basismix] evaluating BasisMix fusion...
    MAE=49.242, MAE+=49.517
  [persistence] evaluating persistence baseline...
    MAE=50.530
  [DONE] UK_11_South_West_England seed 4 in 193.8s

[71/145] UK_12_South_England seed 0
  [donor] pool size: 4 regions (target + 3 sources)
  [predictors] training 5 directions on UK_12_South_England...
    done in 45.1s
  [collect] gathering source stacks (src_limit=3)...
    done in 135.4s (3 sources)
  [single] evaluating 5 directions...
    rag...
      MAE=65.815, MAE+=54.881
    phys...
      MAE=66.000, MAE+=54.932
    causal...
      MAE=62.977, MAE+=54.695
    icl...
      MAE=67.504, MAE+=54.911
    hier...
      MAE=70.776, MAE+=54.619
  [equal] evaluating equal-weight fusion...
    MAE=65.207, MAE+=54.769
  [basismix] evaluating BasisMix fusion...
    MAE=62.883, MAE+=54.627
  [persistence] evaluating persistence baseline...
    MAE=66.826
  [DONE] UK_12_South_England seed 0 in 193.5s

[72/145] UK_12_South_England seed 1
  [donor] pool size: 4 regions (target + 3 sources)
  [predictors] training 5 directions on UK_12_South_England...
    done in 46.9s
  [collect] gathering source stacks (src_limit=3)...
    done in 133.3s (3 sources)
  [single] evaluating 5 directions...
    rag...
      MAE=68.521, MAE+=54.455
    phys...
      MAE=66.266, MAE+=54.901
    causal...
      MAE=64.220, MAE+=54.955
    icl...
      MAE=68.215, MAE+=54.832
    hier...
      MAE=70.659, MAE+=54.321
  [equal] evaluating equal-weight fusion...
    MAE=65.910, MAE+=54.733
  [basismix] evaluating BasisMix fusion...
    MAE=64.166, MAE+=54.995
  [persistence] evaluating persistence baseline...
    MAE=66.826
  [DONE] UK_12_South_England seed 1 in 193.2s

[73/145] UK_12_South_England seed 2
  [donor] pool size: 4 regions (target + 3 sources)
  [predictors] training 5 directions on UK_12_South_England...
    done in 45.8s
  [collect] gathering source stacks (src_limit=3)...
    done in 135.1s (3 sources)
  [single] evaluating 5 directions...
    rag...
      MAE=66.546, MAE+=54.693
    phys...
      MAE=65.503, MAE+=54.926
    causal...
      MAE=64.393, MAE+=54.973
    icl...
      MAE=67.845, MAE+=54.829
    hier...
      MAE=71.083, MAE+=54.614
  [equal] evaluating equal-weight fusion...
    MAE=65.509, MAE+=54.860
  [basismix] evaluating BasisMix fusion...
    MAE=64.061, MAE+=55.033
  [persistence] evaluating persistence baseline...
    MAE=66.826
  [DONE] UK_12_South_England seed 2 in 193.8s

[74/145] UK_12_South_England seed 3
  [donor] pool size: 4 regions (target + 3 sources)
  [predictors] training 5 directions on UK_12_South_England...
    done in 45.3s
  [collect] gathering source stacks (src_limit=3)...
    done in 131.6s (3 sources)
  [single] evaluating 5 directions...
    rag...
      MAE=65.903, MAE+=54.851
    phys...
      MAE=65.893, MAE+=54.975
    causal...
      MAE=63.399, MAE+=54.938
    icl...
      MAE=68.565, MAE+=54.788
    hier...
      MAE=70.906, MAE+=54.603
  [equal] evaluating equal-weight fusion...
    MAE=65.387, MAE+=54.825
  [basismix] evaluating BasisMix fusion...
    MAE=63.702, MAE+=54.953
  [persistence] evaluating persistence baseline...
    MAE=66.826
  [DONE] UK_12_South_England seed 3 in 190.0s

[75/145] UK_12_South_England seed 4
  [donor] pool size: 4 regions (target + 3 sources)
  [predictors] training 5 directions on UK_12_South_England...
    done in 45.4s
  [collect] gathering source stacks (src_limit=3)...
    done in 132.9s (3 sources)
  [single] evaluating 5 directions...
    rag...
      MAE=66.048, MAE+=54.827
    phys...
      MAE=65.913, MAE+=54.959
    causal...
      MAE=63.361, MAE+=54.870
    icl...
      MAE=68.620, MAE+=54.828
    hier...
      MAE=69.095, MAE+=54.590
  [equal] evaluating equal-weight fusion...
    MAE=65.351, MAE+=54.827
  [basismix] evaluating BasisMix fusion...
    MAE=63.813, MAE+=54.905
  [persistence] evaluating persistence baseline...
    MAE=66.826
  [DONE] UK_12_South_England seed 4 in 191.2s

[76/145] UK_13_London seed 0
  [donor] pool size: 4 regions (target + 3 sources)
  [predictors] training 5 directions on UK_13_London...
    done in 45.4s
  [collect] gathering source stacks (src_limit=3)...
    done in 131.0s (3 sources)
  [single] evaluating 5 directions...
    rag...
      MAE=69.755, MAE+=52.549
    phys...
      MAE=72.465, MAE+=52.707
    causal...
      MAE=63.815, MAE+=52.716
    icl...
      MAE=76.917, MAE+=52.130
    hier...
      MAE=64.073, MAE+=51.841
  [equal] evaluating equal-weight fusion...
    MAE=68.367, MAE+=52.379
  [basismix] evaluating BasisMix fusion...
    MAE=64.169, MAE+=52.608
  [persistence] evaluating persistence baseline...
    MAE=62.605
  [DONE] UK_13_London seed 0 in 189.3s

[77/145] UK_13_London seed 1
  [donor] pool size: 4 regions (target + 3 sources)
  [predictors] training 5 directions on UK_13_London...
    done in 46.8s
  [collect] gathering source stacks (src_limit=3)...
    done in 133.9s (3 sources)
  [single] evaluating 5 directions...
    rag...
      MAE=75.494, MAE+=52.006
    phys...
      MAE=73.677, MAE+=52.625
    causal...
      MAE=62.218, MAE+=52.867
    icl...
      MAE=78.399, MAE+=52.127
    hier...
      MAE=63.400, MAE+=51.895
  [equal] evaluating equal-weight fusion...
    MAE=69.332, MAE+=52.058
  [basismix] evaluating BasisMix fusion...
    MAE=64.051, MAE+=52.820
  [persistence] evaluating persistence baseline...
    MAE=62.605
  [DONE] UK_13_London seed 1 in 193.8s

[78/145] UK_13_London seed 2
  [donor] pool size: 4 regions (target + 3 sources)
  [predictors] training 5 directions on UK_13_London...
    done in 46.5s
  [collect] gathering source stacks (src_limit=3)...
    done in 135.2s (3 sources)
  [single] evaluating 5 directions...
    rag...
      MAE=71.987, MAE+=52.119
    phys...
      MAE=69.324, MAE+=52.827
    causal...
      MAE=63.858, MAE+=52.769
    icl...
      MAE=76.648, MAE+=52.353
    hier...
      MAE=63.742, MAE+=51.834
  [equal] evaluating equal-weight fusion...
    MAE=67.969, MAE+=52.438
  [basismix] evaluating BasisMix fusion...
    MAE=64.427, MAE+=52.716
  [persistence] evaluating persistence baseline...
    MAE=62.605
  [DONE] UK_13_London seed 2 in 195.5s

[79/145] UK_13_London seed 3
  [donor] pool size: 4 regions (target + 3 sources)
  [predictors] training 5 directions on UK_13_London...
    done in 45.8s
  [collect] gathering source stacks (src_limit=3)...
    done in 133.3s (3 sources)
  [single] evaluating 5 directions...
    rag...
      MAE=69.176, MAE+=52.500
    phys...
      MAE=71.541, MAE+=52.680
    causal...
      MAE=62.696, MAE+=52.827
    icl...
      MAE=78.434, MAE+=52.005
    hier...
      MAE=64.851, MAE+=51.941
  [equal] evaluating equal-weight fusion...
    MAE=68.367, MAE+=52.381
  [basismix] evaluating BasisMix fusion...
    MAE=64.168, MAE+=52.784
  [persistence] evaluating persistence baseline...
    MAE=62.605
  [DONE] UK_13_London seed 3 in 191.6s

[80/145] UK_13_London seed 4
  [donor] pool size: 4 regions (target + 3 sources)
  [predictors] training 5 directions on UK_13_London...
    done in 47.7s
  [collect] gathering source stacks (src_limit=3)...
    done in 139.0s (3 sources)
  [single] evaluating 5 directions...
    rag...
      MAE=69.197, MAE+=52.463
    phys...
      MAE=71.625, MAE+=52.721
    causal...
      MAE=62.577, MAE+=52.810
    icl...
      MAE=77.986, MAE+=51.998
    hier...
      MAE=64.380, MAE+=52.139
  [equal] evaluating equal-weight fusion...
    MAE=68.251, MAE+=52.453
  [basismix] evaluating BasisMix fusion...
    MAE=64.814, MAE+=52.721
  [persistence] evaluating persistence baseline...
    MAE=62.605
  [DONE] UK_13_London seed 4 in 199.7s

[81/145] UK_14_South_East_England seed 0
  [donor] pool size: 4 regions (target + 3 sources)
  [predictors] training 5 directions on UK_14_South_East_England...
    done in 46.0s
  [collect] gathering source stacks (src_limit=3)...
    done in 136.5s (3 sources)
  [single] evaluating 5 directions...
    rag...
      MAE=61.181, MAE+=50.377
    phys...
      MAE=61.682, MAE+=50.461
    causal...
      MAE=59.003, MAE+=50.446
    icl...
      MAE=61.389, MAE+=50.492
    hier...
      MAE=59.510, MAE+=50.279
  [equal] evaluating equal-weight fusion...
    MAE=59.812, MAE+=50.377
  [basismix] evaluating BasisMix fusion...
    MAE=58.868, MAE+=50.396
  [persistence] evaluating persistence baseline...
    MAE=60.468
  [DONE] UK_14_South_East_England seed 0 in 195.4s

[82/145] UK_14_South_East_England seed 1
  [donor] pool size: 4 regions (target + 3 sources)
  [predictors] training 5 directions on UK_14_South_East_England...
    done in 47.2s
  [collect] gathering source stacks (src_limit=3)...
    done in 139.1s (3 sources)
  [single] evaluating 5 directions...
    rag...
      MAE=62.552, MAE+=50.207
    phys...
      MAE=61.878, MAE+=50.438
    causal...
      MAE=59.372, MAE+=50.488
    icl...
      MAE=62.377, MAE+=50.491
    hier...
      MAE=58.713, MAE+=50.202
  [equal] evaluating equal-weight fusion...
    MAE=60.048, MAE+=50.350
  [basismix] evaluating BasisMix fusion...
    MAE=59.532, MAE+=50.478
  [persistence] evaluating persistence baseline...
    MAE=60.468
  [DONE] UK_14_South_East_England seed 1 in 199.3s

[83/145] UK_14_South_East_England seed 2
  [donor] pool size: 4 regions (target + 3 sources)
  [predictors] training 5 directions on UK_14_South_East_England...
    done in 47.3s
  [collect] gathering source stacks (src_limit=3)...
    done in 132.4s (3 sources)
  [single] evaluating 5 directions...
    rag...
      MAE=61.779, MAE+=50.318
    phys...
      MAE=61.138, MAE+=50.514
    causal...
      MAE=60.071, MAE+=50.507
    icl...
      MAE=62.477, MAE+=50.501
    hier...
      MAE=59.343, MAE+=50.213
  [equal] evaluating equal-weight fusion...
    MAE=59.911, MAE+=50.397
  [basismix] evaluating BasisMix fusion...
    MAE=59.675, MAE+=50.486
  [persistence] evaluating persistence baseline...
    MAE=60.468
  [DONE] UK_14_South_East_England seed 2 in 194.3s

[84/145] UK_14_South_East_England seed 3
  [donor] pool size: 4 regions (target + 3 sources)
  [predictors] training 5 directions on UK_14_South_East_England...
    done in 48.0s
  [collect] gathering source stacks (src_limit=3)...
    done in 137.5s (3 sources)
  [single] evaluating 5 directions...
    rag...
      MAE=61.030, MAE+=50.355
    phys...
      MAE=61.284, MAE+=50.479
    causal...
      MAE=59.090, MAE+=50.453
    icl...
      MAE=62.289, MAE+=50.483
    hier...
      MAE=59.242, MAE+=50.214
  [equal] evaluating equal-weight fusion...
    MAE=59.647, MAE+=50.384
  [basismix] evaluating BasisMix fusion...
    MAE=59.497, MAE+=50.461
  [persistence] evaluating persistence baseline...
    MAE=60.468
  [DONE] UK_14_South_East_England seed 3 in 199.7s

[85/145] UK_14_South_East_England seed 4
  [donor] pool size: 4 regions (target + 3 sources)
  [predictors] training 5 directions on UK_14_South_East_England...
    done in 46.3s
  [collect] gathering source stacks (src_limit=3)...
    done in 136.9s (3 sources)
  [single] evaluating 5 directions...
    rag...
      MAE=60.973, MAE+=50.338
    phys...
      MAE=61.565, MAE+=50.466
    causal...
      MAE=58.634, MAE+=50.462
    icl...
      MAE=63.187, MAE+=50.474
    hier...
      MAE=58.767, MAE+=50.269
  [equal] evaluating equal-weight fusion...
    MAE=60.007, MAE+=50.386
  [basismix] evaluating BasisMix fusion...
    MAE=59.171, MAE+=50.429
  [persistence] evaluating persistence baseline...
    MAE=60.468
  [DONE] UK_14_South_East_England seed 4 in 197.3s

[86/145] UK_15_England seed 0
  [donor] pool size: 4 regions (target + 3 sources)
  [predictors] training 5 directions on UK_15_England...
    done in 48.2s
  [collect] gathering source stacks (src_limit=3)...
    done in 139.1s (3 sources)
  [single] evaluating 5 directions...
    rag...
      MAE=58.299, MAE+=47.763
    phys...
      MAE=58.314, MAE+=47.799
    causal...
      MAE=51.776, MAE+=47.802
    icl...
      MAE=70.093, MAE+=47.210
    hier...
      MAE=59.938, MAE+=47.359
  [equal] evaluating equal-weight fusion...
    MAE=58.338, MAE+=47.633
  [basismix] evaluating BasisMix fusion...
    MAE=52.761, MAE+=47.759
  [persistence] evaluating persistence baseline...
    MAE=50.033
  [DONE] UK_15_England seed 0 in 201.7s

[87/145] UK_15_England seed 1
  [donor] pool size: 4 regions (target + 3 sources)
  [predictors] training 5 directions on UK_15_England...
    done in 49.8s
  [collect] gathering source stacks (src_limit=3)...
    done in 139.2s (3 sources)
  [single] evaluating 5 directions...
    rag...
      MAE=69.047, MAE+=47.413
    phys...
      MAE=61.607, MAE+=47.733
    causal...
      MAE=49.688, MAE+=48.059
    icl...
      MAE=71.654, MAE+=47.221
    hier...
      MAE=58.776, MAE+=47.352
  [equal] evaluating equal-weight fusion...
    MAE=60.059, MAE+=47.550
  [basismix] evaluating BasisMix fusion...
    MAE=50.964, MAE+=48.004
  [persistence] evaluating persistence baseline...
    MAE=50.033
  [DONE] UK_15_England seed 1 in 203.9s

[88/145] UK_15_England seed 2
  [donor] pool size: 4 regions (target + 3 sources)
  [predictors] training 5 directions on UK_15_England...
    done in 47.9s
  [collect] gathering source stacks (src_limit=3)...
    done in 141.0s (3 sources)
  [single] evaluating 5 directions...
    rag...
      MAE=62.073, MAE+=47.622
    phys...
      MAE=54.489, MAE+=48.019
    causal...
      MAE=50.966, MAE+=47.885
    icl...
      MAE=68.552, MAE+=47.246
    hier...
      MAE=59.906, MAE+=47.387
  [equal] evaluating equal-weight fusion...
    MAE=57.688, MAE+=47.651
  [basismix] evaluating BasisMix fusion...
    MAE=51.935, MAE+=47.805
  [persistence] evaluating persistence baseline...
    MAE=50.033
  [DONE] UK_15_England seed 2 in 203.4s

[89/145] UK_15_England seed 3
  [donor] pool size: 4 regions (target + 3 sources)
  [predictors] training 5 directions on UK_15_England...
    done in 47.6s
  [collect] gathering source stacks (src_limit=3)...
    done in 139.6s (3 sources)
  [single] evaluating 5 directions...
    rag...
      MAE=58.269, MAE+=47.746
    phys...
      MAE=59.271, MAE+=47.748
    causal...
      MAE=50.228, MAE+=48.059
    icl...
      MAE=71.906, MAE+=47.180
    hier...
      MAE=60.080, MAE+=47.407
  [equal] evaluating equal-weight fusion...
    MAE=58.308, MAE+=47.643
  [basismix] evaluating BasisMix fusion...
    MAE=51.479, MAE+=48.006
  [persistence] evaluating persistence baseline...
    MAE=50.033
  [DONE] UK_15_England seed 3 in 201.6s

[90/145] UK_15_England seed 4
  [donor] pool size: 4 regions (target + 3 sources)
  [predictors] training 5 directions on UK_15_England...
    done in 47.5s
  [collect] gathering source stacks (src_limit=3)...
    done in 142.9s (3 sources)
  [single] evaluating 5 directions...
    rag...
      MAE=59.458, MAE+=47.703
    phys...
      MAE=57.205, MAE+=47.804
    causal...
      MAE=50.128, MAE+=48.003
    icl...
      MAE=70.658, MAE+=47.226
    hier...
      MAE=58.782, MAE+=47.587
  [equal] evaluating equal-weight fusion...
    MAE=57.722, MAE+=47.678
  [basismix] evaluating BasisMix fusion...
    MAE=51.476, MAE+=47.811
  [persistence] evaluating persistence baseline...
    MAE=50.033
  [DONE] UK_15_England seed 4 in 204.4s

[91/145] UK_16_Scotland seed 0
  [donor] pool size: 4 regions (target + 3 sources)
  [predictors] training 5 directions on UK_16_Scotland...
    done in 48.2s
  [collect] gathering source stacks (src_limit=3)...
    done in 137.4s (3 sources)
  [single] evaluating 5 directions...
    rag...
      MAE=91.322, MAE+=34.223
    phys...
      MAE=74.259, MAE+=34.380
    causal...
      MAE=58.974, MAE+=34.377
    icl...
      MAE=152.021, MAE+=33.031
    hier...
      MAE=102.291, MAE+=33.596
  [equal] evaluating equal-weight fusion...
    MAE=93.729, MAE+=33.838
  [basismix] evaluating BasisMix fusion...
    MAE=71.055, MAE+=34.307
  [persistence] evaluating persistence baseline...
    MAE=36.386
  [DONE] UK_16_Scotland seed 0 in 199.7s

[92/145] UK_16_Scotland seed 1
  [donor] pool size: 4 regions (target + 3 sources)
  [predictors] training 5 directions on UK_16_Scotland...
    done in 46.7s
  [collect] gathering source stacks (src_limit=3)...
    done in 136.0s (3 sources)
  [single] evaluating 5 directions...
    rag...
      MAE=136.841, MAE+=33.733
    phys...
      MAE=95.545, MAE+=34.256
    causal...
      MAE=45.608, MAE+=34.392
    icl...
      MAE=169.073, MAE+=32.774
    hier...
      MAE=98.443, MAE+=33.665
  [equal] evaluating equal-weight fusion...
    MAE=105.661, MAE+=33.708
  [basismix] evaluating BasisMix fusion...
    MAE=61.222, MAE+=34.375
  [persistence] evaluating persistence baseline...
    MAE=36.386
  [DONE] UK_16_Scotland seed 1 in 196.5s

[93/145] UK_16_Scotland seed 2
  [donor] pool size: 4 regions (target + 3 sources)
  [predictors] training 5 directions on UK_16_Scotland...
    done in 47.9s
  [collect] gathering source stacks (src_limit=3)...
    done in 140.0s (3 sources)
  [single] evaluating 5 directions...
    rag...
      MAE=106.654, MAE+=33.950
    phys...
      MAE=59.845, MAE+=34.369
    causal...
      MAE=52.303, MAE+=34.439
    icl...
      MAE=156.965, MAE+=33.128
    hier...
      MAE=98.067, MAE+=33.629
  [equal] evaluating equal-weight fusion...
    MAE=91.584, MAE+=33.827
  [basismix] evaluating BasisMix fusion...
    MAE=64.421, MAE+=34.359
  [persistence] evaluating persistence baseline...
    MAE=36.386
  [DONE] UK_16_Scotland seed 2 in 201.9s

[94/145] UK_16_Scotland seed 3
  [donor] pool size: 4 regions (target + 3 sources)
  [predictors] training 5 directions on UK_16_Scotland...
    done in 49.0s
  [collect] gathering source stacks (src_limit=3)...
    done in 142.7s (3 sources)
  [single] evaluating 5 directions...
    rag...
      MAE=89.700, MAE+=34.190
    phys...
      MAE=84.230, MAE+=34.344
    causal...
      MAE=47.145, MAE+=34.423
    icl...
      MAE=164.084, MAE+=32.834
    hier...
      MAE=94.038, MAE+=33.702
  [equal] evaluating equal-weight fusion...
    MAE=92.867, MAE+=33.850
  [basismix] evaluating BasisMix fusion...
    MAE=63.936, MAE+=34.376
  [persistence] evaluating persistence baseline...
    MAE=36.386
  [DONE] UK_16_Scotland seed 3 in 206.2s

[95/145] UK_16_Scotland seed 4
  [donor] pool size: 4 regions (target + 3 sources)
  [predictors] training 5 directions on UK_16_Scotland...
    done in 48.4s
  [collect] gathering source stacks (src_limit=3)...
    done in 141.6s (3 sources)
  [single] evaluating 5 directions...
    rag...
      MAE=97.177, MAE+=34.098
    phys...
      MAE=73.309, MAE+=34.384
    causal...
      MAE=50.574, MAE+=34.348
    icl...
      MAE=166.905, MAE+=33.062
    hier...
      MAE=86.401, MAE+=34.012
  [equal] evaluating equal-weight fusion...
    MAE=91.902, MAE+=33.827
  [basismix] evaluating BasisMix fusion...
    MAE=70.526, MAE+=34.293
  [persistence] evaluating persistence baseline...
    MAE=36.386
  [DONE] UK_16_Scotland seed 4 in 204.4s

[96/145] UK_17_Wales seed 0
  [donor] pool size: 4 regions (target + 3 sources)
  [predictors] training 5 directions on UK_17_Wales...
    done in 47.2s
  [collect] gathering source stacks (src_limit=3)...
    done in 133.9s (3 sources)
  [single] evaluating 5 directions...
    rag...
      MAE=82.856, MAE+=68.299
    phys...
      MAE=84.492, MAE+=68.516
    causal...
      MAE=73.406, MAE+=68.376
    icl...
      MAE=97.140, MAE+=67.372
    hier...
      MAE=82.314, MAE+=67.375
  [equal] evaluating equal-weight fusion...
    MAE=81.800, MAE+=68.070
  [basismix] evaluating BasisMix fusion...
    MAE=75.042, MAE+=68.409
  [persistence] evaluating persistence baseline...
    MAE=73.283
  [DONE] UK_17_Wales seed 0 in 196.0s

[97/145] UK_17_Wales seed 1
  [donor] pool size: 4 regions (target + 3 sources)
  [predictors] training 5 directions on UK_17_Wales...
    done in 46.9s
  [collect] gathering source stacks (src_limit=3)...
    done in 140.7s (3 sources)
  [single] evaluating 5 directions...
    rag...
      MAE=92.736, MAE+=67.445
    phys...
      MAE=87.522, MAE+=68.395
    causal...
      MAE=71.572, MAE+=69.118
    icl...
      MAE=99.788, MAE+=67.295
    hier...
      MAE=80.740, MAE+=67.296
  [equal] evaluating equal-weight fusion...
    MAE=83.322, MAE+=67.736
  [basismix] evaluating BasisMix fusion...
    MAE=73.737, MAE+=68.947
  [persistence] evaluating persistence baseline...
    MAE=73.283
  [DONE] UK_17_Wales seed 1 in 201.7s

[98/145] UK_17_Wales seed 2
  [donor] pool size: 4 regions (target + 3 sources)
  [predictors] training 5 directions on UK_17_Wales...
    done in 46.9s
  [collect] gathering source stacks (src_limit=3)...
    done in 138.2s (3 sources)
  [single] evaluating 5 directions...
    rag...
      MAE=86.175, MAE+=68.126
    phys...
      MAE=80.350, MAE+=68.964
    causal...
      MAE=72.797, MAE+=68.618
    icl...
      MAE=97.805, MAE+=67.326
    hier...
      MAE=82.318, MAE+=67.398
  [equal] evaluating equal-weight fusion...
    MAE=81.216, MAE+=67.818
  [basismix] evaluating BasisMix fusion...
    MAE=74.145, MAE+=68.466
  [persistence] evaluating persistence baseline...
    MAE=73.283
  [DONE] UK_17_Wales seed 2 in 199.3s

[99/145] UK_17_Wales seed 3
  [donor] pool size: 4 regions (target + 3 sources)
  [predictors] training 5 directions on UK_17_Wales...
    done in 48.2s
  [collect] gathering source stacks (src_limit=3)...
    done in 136.6s (3 sources)
  [single] evaluating 5 directions...
    rag...
      MAE=81.794, MAE+=68.264
    phys...
      MAE=84.943, MAE+=68.424
    causal...
      MAE=72.117, MAE+=68.993
    icl...
      MAE=100.481, MAE+=67.326
    hier...
      MAE=82.289, MAE+=67.429
  [equal] evaluating equal-weight fusion...
    MAE=81.599, MAE+=68.074
  [basismix] evaluating BasisMix fusion...
    MAE=74.289, MAE+=68.461
  [persistence] evaluating persistence baseline...
    MAE=73.283
  [DONE] UK_17_Wales seed 3 in 199.1s

[100/145] UK_17_Wales seed 4
  [donor] pool size: 4 regions (target + 3 sources)
  [predictors] training 5 directions on UK_17_Wales...
    done in 47.6s
  [collect] gathering source stacks (src_limit=3)...
    done in 145.0s (3 sources)
  [single] evaluating 5 directions...
    rag...
      MAE=81.875, MAE+=68.206
    phys...
      MAE=83.342, MAE+=68.857
    causal...
      MAE=72.188, MAE+=68.633
    icl...
      MAE=99.406, MAE+=67.341
    hier...
      MAE=79.473, MAE+=67.820
  [equal] evaluating equal-weight fusion...
    MAE=80.915, MAE+=68.110
  [basismix] evaluating BasisMix fusion...
    MAE=74.429, MAE+=68.472
  [persistence] evaluating persistence baseline...
    MAE=73.283
  [DONE] UK_17_Wales seed 4 in 207.5s

[101/145] UK_18_GB seed 0
  [donor] pool size: 4 regions (target + 3 sources)
  [predictors] training 5 directions on UK_18_GB...
    done in 48.7s
  [collect] gathering source stacks (src_limit=3)...
    done in 140.8s (3 sources)
  [single] evaluating 5 directions...
    rag...
      MAE=58.225, MAE+=44.958
    phys...
      MAE=57.689, MAE+=45.189
    causal...
      MAE=49.774, MAE+=45.159
    icl...
      MAE=72.029, MAE+=44.504
    hier...
      MAE=59.077, MAE+=44.637
  [equal] evaluating equal-weight fusion...
    MAE=58.004, MAE+=44.825
  [basismix] evaluating BasisMix fusion...
    MAE=51.086, MAE+=45.135
  [persistence] evaluating persistence baseline...
    MAE=46.711
  [DONE] UK_18_GB seed 0 in 204.1s

[102/145] UK_18_GB seed 1
  [donor] pool size: 4 regions (target + 3 sources)
  [predictors] training 5 directions on UK_18_GB...
    done in 49.0s
  [collect] gathering source stacks (src_limit=3)...
    done in 146.3s (3 sources)
  [single] evaluating 5 directions...
    rag...
      MAE=72.006, MAE+=44.687
    phys...
      MAE=62.383, MAE+=45.019
    causal...
      MAE=47.087, MAE+=45.309
    icl...
      MAE=73.292, MAE+=44.564
    hier...
      MAE=57.438, MAE+=44.471
  [equal] evaluating equal-weight fusion...
    MAE=59.905, MAE+=44.793
  [basismix] evaluating BasisMix fusion...
    MAE=48.403, MAE+=45.245
  [persistence] evaluating persistence baseline...
    MAE=46.711
  [DONE] UK_18_GB seed 1 in 209.7s

[103/145] UK_18_GB seed 2
  [donor] pool size: 4 regions (target + 3 sources)
  [predictors] training 5 directions on UK_18_GB...
    done in 50.5s
  [collect] gathering source stacks (src_limit=3)...
    done in 147.2s (3 sources)
  [single] evaluating 5 directions...
    rag...
      MAE=62.877, MAE+=44.859
    phys...
      MAE=52.810, MAE+=45.256
    causal...
      MAE=48.536, MAE+=45.214
    icl...
      MAE=70.810, MAE+=44.511
    hier...
      MAE=58.311, MAE+=44.643
  [equal] evaluating equal-weight fusion...
    MAE=57.083, MAE+=44.841
  [basismix] evaluating BasisMix fusion...
    MAE=49.920, MAE+=45.148
  [persistence] evaluating persistence baseline...
    MAE=46.711
  [DONE] UK_18_GB seed 2 in 212.3s

[104/145] UK_18_GB seed 3
  [donor] pool size: 4 regions (target + 3 sources)
  [predictors] training 5 directions on UK_18_GB...
    done in 48.2s
  [collect] gathering source stacks (src_limit=3)...
    done in 139.8s (3 sources)
  [single] evaluating 5 directions...
    rag...
      MAE=58.179, MAE+=44.928
    phys...
      MAE=59.199, MAE+=45.141
    causal...
      MAE=47.700, MAE+=45.425
    icl...
      MAE=74.641, MAE+=44.470
    hier...
      MAE=58.860, MAE+=44.686
  [equal] evaluating equal-weight fusion...
    MAE=57.969, MAE+=44.841
  [basismix] evaluating BasisMix fusion...
    MAE=49.079, MAE+=45.358
  [persistence] evaluating persistence baseline...
    MAE=46.711
  [DONE] UK_18_GB seed 3 in 202.5s

[105/145] UK_18_GB seed 4
  [donor] pool size: 4 regions (target + 3 sources)
  [predictors] training 5 directions on UK_18_GB...
    done in 48.9s
  [collect] gathering source stacks (src_limit=3)...
    done in 150.1s (3 sources)
  [single] evaluating 5 directions...
    rag...
      MAE=59.485, MAE+=44.896
    phys...
      MAE=56.332, MAE+=45.193
    causal...
      MAE=47.835, MAE+=45.229
    icl...
      MAE=73.624, MAE+=44.496
    hier...
      MAE=56.166, MAE+=44.629
  [equal] evaluating equal-weight fusion...
    MAE=57.078, MAE+=44.856
  [basismix] evaluating BasisMix fusion...
    MAE=49.618, MAE+=45.176
  [persistence] evaluating persistence baseline...
    MAE=46.711
  [DONE] UK_18_GB seed 4 in 213.6s

[106/145] US_CISO seed 0
  [donor] pool size: 4 regions (target + 3 sources)
  [predictors] training 5 directions on US_CISO...
    done in 48.5s
  [collect] gathering source stacks (src_limit=3)...
    done in 137.8s (3 sources)
  [single] evaluating 5 directions...
    rag...
      MAE=33.332, MAE+=25.698
    phys...
      MAE=27.418, MAE+=25.453
    causal...
      MAE=30.114, MAE+=25.547
    icl...
      MAE=35.377, MAE+=26.068
    hier...
      MAE=61.424, MAE+=26.263
  [equal] evaluating equal-weight fusion...
    MAE=35.713, MAE+=25.785
  [basismix] evaluating BasisMix fusion...
    MAE=31.361, MAE+=25.497
  [persistence] evaluating persistence baseline...
    MAE=31.062
  [DONE] US_CISO seed 0 in 200.2s

[107/145] US_CISO seed 1
  [donor] pool size: 4 regions (target + 3 sources)
  [predictors] training 5 directions on US_CISO...
    done in 49.7s
  [collect] gathering source stacks (src_limit=3)...
    done in 143.3s (3 sources)
  [single] evaluating 5 directions...
    rag...
      MAE=35.730, MAE+=25.694
    phys...
      MAE=27.375, MAE+=25.424
    causal...
      MAE=32.232, MAE+=25.779
    icl...
      MAE=35.137, MAE+=26.076
    hier...
      MAE=60.690, MAE+=26.127
  [equal] evaluating equal-weight fusion...
    MAE=36.315, MAE+=25.813
  [basismix] evaluating BasisMix fusion...
    MAE=32.812, MAE+=25.754
  [persistence] evaluating persistence baseline...
    MAE=31.062
  [DONE] US_CISO seed 1 in 207.4s

[108/145] US_CISO seed 2
  [donor] pool size: 4 regions (target + 3 sources)
  [predictors] training 5 directions on US_CISO...
    done in 48.6s
  [collect] gathering source stacks (src_limit=3)...
    done in 141.9s (3 sources)
  [single] evaluating 5 directions...
    rag...
      MAE=33.747, MAE+=25.683
    phys...
      MAE=27.487, MAE+=25.467
    causal...
      MAE=30.448, MAE+=25.608
    icl...
      MAE=34.139, MAE+=26.048
    hier...
      MAE=63.373, MAE+=26.276
  [equal] evaluating equal-weight fusion...
    MAE=35.929, MAE+=25.805
  [basismix] evaluating BasisMix fusion...
    MAE=30.774, MAE+=25.505
  [persistence] evaluating persistence baseline...
    MAE=31.062
  [DONE] US_CISO seed 2 in 205.4s

[109/145] US_CISO seed 3
  [donor] pool size: 4 regions (target + 3 sources)
  [predictors] training 5 directions on US_CISO...
    done in 48.8s
  [collect] gathering source stacks (src_limit=3)...
    done in 142.5s (3 sources)
  [single] evaluating 5 directions...
    rag...
      MAE=34.060, MAE+=25.755
    phys...
      MAE=27.459, MAE+=25.404
    causal...
      MAE=31.674, MAE+=25.512
    icl...
      MAE=35.417, MAE+=26.075
    hier...
      MAE=61.062, MAE+=26.213
  [equal] evaluating equal-weight fusion...
    MAE=36.047, MAE+=25.807
  [basismix] evaluating BasisMix fusion...
    MAE=31.740, MAE+=25.554
  [persistence] evaluating persistence baseline...
    MAE=31.062
  [DONE] US_CISO seed 3 in 205.2s

[110/145] US_CISO seed 4
  [donor] pool size: 4 regions (target + 3 sources)
  [predictors] training 5 directions on US_CISO...
    done in 48.3s
  [collect] gathering source stacks (src_limit=3)...
    done in 141.1s (3 sources)
  [single] evaluating 5 directions...
    rag...
      MAE=33.968, MAE+=25.646
    phys...
      MAE=27.337, MAE+=25.419
    causal...
      MAE=30.913, MAE+=25.530
    icl...
      MAE=34.875, MAE+=26.052
    hier...
      MAE=57.235, MAE+=26.158
  [equal] evaluating equal-weight fusion...
    MAE=35.012, MAE+=25.769
  [basismix] evaluating BasisMix fusion...
    MAE=31.414, MAE+=25.579
  [persistence] evaluating persistence baseline...
    MAE=31.062
  [DONE] US_CISO seed 4 in 203.6s

[111/145] US_PJM seed 0
  [donor] pool size: 4 regions (target + 3 sources)
  [predictors] training 5 directions on US_PJM...
    done in 50.2s
  [collect] gathering source stacks (src_limit=3)...
    done in 147.7s (3 sources)
  [single] evaluating 5 directions...
    rag...
      MAE=33.641, MAE+=14.145
    phys...
      MAE=28.393, MAE+=14.164
    causal...
      MAE=18.770, MAE+=14.133
    icl...
      MAE=17.355, MAE+=14.058
    hier...
      MAE=79.865, MAE+=14.045
  [equal] evaluating equal-weight fusion...
    MAE=31.207, MAE+=14.112
  [basismix] evaluating BasisMix fusion...
    MAE=23.388, MAE+=14.111
  [persistence] evaluating persistence baseline...
    MAE=18.083
  [DONE] US_PJM seed 0 in 212.4s

[112/145] US_PJM seed 1
  [donor] pool size: 4 regions (target + 3 sources)
  [predictors] training 5 directions on US_PJM...
    done in 50.5s
  [collect] gathering source stacks (src_limit=3)...
    done in 143.4s (3 sources)
  [single] evaluating 5 directions...
    rag...
      MAE=50.194, MAE+=14.057
    phys...
      MAE=26.053, MAE+=14.124
    causal...
      MAE=18.475, MAE+=14.126
    icl...
      MAE=17.275, MAE+=14.058
    hier...
      MAE=79.864, MAE+=14.009
  [equal] evaluating equal-weight fusion...
    MAE=33.064, MAE+=14.079
  [basismix] evaluating BasisMix fusion...
    MAE=20.967, MAE+=14.111
  [persistence] evaluating persistence baseline...
    MAE=18.083
  [DONE] US_PJM seed 1 in 208.7s

[113/145] US_PJM seed 2
  [donor] pool size: 4 regions (target + 3 sources)
  [predictors] training 5 directions on US_PJM...
    done in 49.5s
  [collect] gathering source stacks (src_limit=3)...
    done in 141.8s (3 sources)
  [single] evaluating 5 directions...
    rag...
      MAE=39.410, MAE+=14.115
    phys...
      MAE=24.255, MAE+=14.172
    causal...
      MAE=18.837, MAE+=14.235
    icl...
      MAE=17.351, MAE+=14.073
    hier...
      MAE=82.266, MAE+=14.048
  [equal] evaluating equal-weight fusion...
    MAE=31.466, MAE+=14.119
  [basismix] evaluating BasisMix fusion...
    MAE=22.215, MAE+=14.136
  [persistence] evaluating persistence baseline...
    MAE=18.083
  [DONE] US_PJM seed 2 in 206.1s

[114/145] US_PJM seed 3
  [donor] pool size: 4 regions (target + 3 sources)
  [predictors] training 5 directions on US_PJM...
    done in 47.7s
  [collect] gathering source stacks (src_limit=3)...
    done in 144.7s (3 sources)
  [single] evaluating 5 directions...
    rag...
      MAE=33.586, MAE+=14.148
    phys...
      MAE=25.330, MAE+=14.161
    causal...
      MAE=19.434, MAE+=14.140
    icl...
      MAE=17.255, MAE+=14.043
    hier...
      MAE=83.831, MAE+=14.010
  [equal] evaluating equal-weight fusion...
    MAE=30.682, MAE+=14.097
  [basismix] evaluating BasisMix fusion...
    MAE=23.063, MAE+=14.154
  [persistence] evaluating persistence baseline...
    MAE=18.083
  [DONE] US_PJM seed 3 in 206.4s

[115/145] US_PJM seed 4
  [donor] pool size: 4 regions (target + 3 sources)
  [predictors] training 5 directions on US_PJM...
    done in 49.1s
  [collect] gathering source stacks (src_limit=3)...
    done in 146.3s (3 sources)
  [single] evaluating 5 directions...
    rag...
      MAE=35.380, MAE+=14.174
    phys...
      MAE=24.696, MAE+=14.188
    causal...
      MAE=19.445, MAE+=14.133
    icl...
      MAE=17.179, MAE+=14.026
    hier...
      MAE=70.069, MAE+=14.085
  [equal] evaluating equal-weight fusion...
    MAE=28.984, MAE+=14.131
  [basismix] evaluating BasisMix fusion...
    MAE=24.755, MAE+=14.161
  [persistence] evaluating persistence baseline...
    MAE=18.083
  [DONE] US_PJM seed 4 in 209.6s

[116/145] US_MISO seed 0
  [donor] pool size: 4 regions (target + 3 sources)
  [predictors] training 5 directions on US_MISO...
    done in 49.9s
  [collect] gathering source stacks (src_limit=3)...
    done in 142.9s (3 sources)
  [single] evaluating 5 directions...
    rag...
      MAE=48.694, MAE+=46.721
    phys...
      MAE=49.371, MAE+=46.897
    causal...
      MAE=49.249, MAE+=46.740
    icl...
      MAE=53.511, MAE+=46.994
    hier...
      MAE=100.315, MAE+=46.188
  [equal] evaluating equal-weight fusion...
    MAE=51.962, MAE+=46.884
  [basismix] evaluating BasisMix fusion...
    MAE=49.765, MAE+=46.891
  [persistence] evaluating persistence baseline...
    MAE=53.631
  [DONE] US_MISO seed 0 in 207.6s

[117/145] US_MISO seed 1
  [donor] pool size: 4 regions (target + 3 sources)
  [predictors] training 5 directions on US_MISO...
    done in 49.8s
  [collect] gathering source stacks (src_limit=3)...
    done in 141.2s (3 sources)
  [single] evaluating 5 directions...
    rag...
      MAE=47.271, MAE+=46.290
    phys...
      MAE=49.337, MAE+=46.850
    causal...
      MAE=50.603, MAE+=47.023
    icl...
      MAE=53.971, MAE+=47.015
    hier...
      MAE=99.625, MAE+=46.445
  [equal] evaluating equal-weight fusion...
    MAE=51.951, MAE+=46.800
  [basismix] evaluating BasisMix fusion...
    MAE=50.044, MAE+=46.873
  [persistence] evaluating persistence baseline...
    MAE=53.631
  [DONE] US_MISO seed 1 in 205.0s

[118/145] US_MISO seed 2
  [donor] pool size: 4 regions (target + 3 sources)
  [predictors] training 5 directions on US_MISO...
    done in 49.6s
  [collect] gathering source stacks (src_limit=3)...
    done in 143.8s (3 sources)
  [single] evaluating 5 directions...
    rag...
      MAE=48.240, MAE+=46.642
    phys...
      MAE=49.783, MAE+=46.898
    causal...
      MAE=50.348, MAE+=46.911
    icl...
      MAE=53.494, MAE+=46.973
    hier...
      MAE=102.752, MAE+=46.141
  [equal] evaluating equal-weight fusion...
    MAE=52.254, MAE+=46.861
  [basismix] evaluating BasisMix fusion...
    MAE=49.764, MAE+=46.901
  [persistence] evaluating persistence baseline...
    MAE=53.631
  [DONE] US_MISO seed 2 in 208.1s

[119/145] US_MISO seed 3
  [donor] pool size: 4 regions (target + 3 sources)
  [predictors] training 5 directions on US_MISO...
    done in 50.1s
  [collect] gathering source stacks (src_limit=3)...
    done in 142.7s (3 sources)
  [single] evaluating 5 directions...
    rag...
      MAE=48.622, MAE+=46.794
    phys...
      MAE=49.470, MAE+=46.876
    causal...
      MAE=50.077, MAE+=46.832
    icl...
      MAE=53.720, MAE+=46.995
    hier...
      MAE=102.166, MAE+=46.422
  [equal] evaluating equal-weight fusion...
    MAE=52.342, MAE+=46.820
  [basismix] evaluating BasisMix fusion...
    MAE=49.182, MAE+=46.835
  [persistence] evaluating persistence baseline...
    MAE=53.631
  [DONE] US_MISO seed 3 in 207.5s

[120/145] US_MISO seed 4
  [donor] pool size: 4 regions (target + 3 sources)
  [predictors] training 5 directions on US_MISO...
    done in 47.8s
  [collect] gathering source stacks (src_limit=3)...
    done in 143.3s (3 sources)
  [single] evaluating 5 directions...
    rag...
      MAE=48.405, MAE+=46.701
    phys...
      MAE=49.643, MAE+=46.876
    causal...
      MAE=49.178, MAE+=46.741
    icl...
      MAE=54.028, MAE+=47.020
    hier...
      MAE=90.739, MAE+=46.561
  [equal] evaluating equal-weight fusion...
    MAE=51.723, MAE+=46.857
  [basismix] evaluating BasisMix fusion...
    MAE=49.845, MAE+=46.820
  [persistence] evaluating persistence baseline...
    MAE=53.631
  [DONE] US_MISO seed 4 in 205.6s

[121/145] US_ERCO seed 0
  [donor] pool size: 4 regions (target + 3 sources)
  [predictors] training 5 directions on US_ERCO...
    done in 50.9s
  [collect] gathering source stacks (src_limit=3)...
    done in 148.1s (3 sources)
  [single] evaluating 5 directions...
    rag...
      MAE=58.971, MAE+=59.986
    phys...
      MAE=61.282, MAE+=60.036
    causal...
      MAE=55.447, MAE+=59.725
    icl...
      MAE=58.160, MAE+=60.314
    hier...
      MAE=69.192, MAE+=59.356
  [equal] evaluating equal-weight fusion...
    MAE=57.943, MAE+=59.841
  [basismix] evaluating BasisMix fusion...
    MAE=56.492, MAE+=59.803
  [persistence] evaluating persistence baseline...
    MAE=62.201
  [DONE] US_ERCO seed 0 in 214.0s

[122/145] US_ERCO seed 1
  [donor] pool size: 4 regions (target + 3 sources)
  [predictors] training 5 directions on US_ERCO...
    done in 53.7s
  [collect] gathering source stacks (src_limit=3)...
    done in 148.1s (3 sources)
  [single] evaluating 5 directions...
    rag...
      MAE=59.639, MAE+=59.475
    phys...
      MAE=61.010, MAE+=60.002
    causal...
      MAE=58.171, MAE+=60.339
    icl...
      MAE=58.309, MAE+=60.211
    hier...
      MAE=69.567, MAE+=59.477
  [equal] evaluating equal-weight fusion...
    MAE=58.342, MAE+=59.890
  [basismix] evaluating BasisMix fusion...
    MAE=58.160, MAE+=60.328
  [persistence] evaluating persistence baseline...
    MAE=62.201
  [DONE] US_ERCO seed 1 in 217.1s

[123/145] US_ERCO seed 2
  [donor] pool size: 4 regions (target + 3 sources)
  [predictors] training 5 directions on US_ERCO...
    done in 51.0s
  [collect] gathering source stacks (src_limit=3)...
    done in 146.6s (3 sources)
  [single] evaluating 5 directions...
    rag...
      MAE=59.159, MAE+=59.852
    phys...
      MAE=60.634, MAE+=60.260
    causal...
      MAE=57.804, MAE+=60.128
    icl...
      MAE=58.559, MAE+=60.377
    hier...
      MAE=69.492, MAE+=59.389
  [equal] evaluating equal-weight fusion...
    MAE=58.309, MAE+=59.960
  [basismix] evaluating BasisMix fusion...
    MAE=58.109, MAE+=60.031
  [persistence] evaluating persistence baseline...
    MAE=62.201
  [DONE] US_ERCO seed 2 in 212.2s

[124/145] US_ERCO seed 3
  [donor] pool size: 4 regions (target + 3 sources)
  [predictors] training 5 directions on US_ERCO...
    done in 51.6s
  [collect] gathering source stacks (src_limit=3)...
    done in 146.0s (3 sources)
  [single] evaluating 5 directions...
    rag...
      MAE=58.880, MAE+=59.933
    phys...
      MAE=60.053, MAE+=60.005
    causal...
      MAE=57.326, MAE+=60.175
    icl...
      MAE=58.518, MAE+=60.317
    hier...
      MAE=69.318, MAE+=59.414
  [equal] evaluating equal-weight fusion...
    MAE=58.256, MAE+=59.946
  [basismix] evaluating BasisMix fusion...
    MAE=57.521, MAE+=60.052
  [persistence] evaluating persistence baseline...
    MAE=62.201
  [DONE] US_ERCO seed 3 in 211.8s

[125/145] US_ERCO seed 4
  [donor] pool size: 4 regions (target + 3 sources)
  [predictors] training 5 directions on US_ERCO...
    done in 50.2s
  [collect] gathering source stacks (src_limit=3)...
    done in 148.2s (3 sources)
  [single] evaluating 5 directions...
    rag...
      MAE=58.830, MAE+=59.909
    phys...
      MAE=61.168, MAE+=60.175
    causal...
      MAE=56.601, MAE+=59.821
    icl...
      MAE=58.271, MAE+=60.129
    hier...
      MAE=67.149, MAE+=59.472
  [equal] evaluating equal-weight fusion...
    MAE=57.805, MAE+=59.868
  [basismix] evaluating BasisMix fusion...
    MAE=57.026, MAE+=59.922
  [persistence] evaluating persistence baseline...
    MAE=62.201
  [DONE] US_ERCO seed 4 in 213.4s

[126/145] US_ISNE seed 0
  [donor] pool size: 4 regions (target + 3 sources)
  [predictors] training 5 directions on US_ISNE...
    done in 49.6s
  [collect] gathering source stacks (src_limit=3)...
    done in 143.5s (3 sources)
  [single] evaluating 5 directions...
    rag...
      MAE=29.674, MAE+=15.358
    phys...
      MAE=26.201, MAE+=15.378
    causal...
      MAE=25.742, MAE+=15.388
    icl...
      MAE=23.492, MAE+=15.499
    hier...
      MAE=64.593, MAE+=15.388
  [equal] evaluating equal-weight fusion...
    MAE=30.801, MAE+=15.384
  [basismix] evaluating BasisMix fusion...
    MAE=27.385, MAE+=15.370
  [persistence] evaluating persistence baseline...
    MAE=23.494
  [DONE] US_ISNE seed 0 in 208.0s

[127/145] US_ISNE seed 1
  [donor] pool size: 4 regions (target + 3 sources)
  [predictors] training 5 directions on US_ISNE...
    done in 50.3s
  [collect] gathering source stacks (src_limit=3)...
    done in 149.7s (3 sources)
  [single] evaluating 5 directions...
    rag...
      MAE=34.914, MAE+=15.343
    phys...
      MAE=26.140, MAE+=15.414
    causal...
      MAE=24.619, MAE+=15.463
    icl...
      MAE=23.782, MAE+=15.511
    hier...
      MAE=64.366, MAE+=15.380
  [equal] evaluating equal-weight fusion...
    MAE=31.794, MAE+=15.373
  [basismix] evaluating BasisMix fusion...
    MAE=27.109, MAE+=15.422
  [persistence] evaluating persistence baseline...
    MAE=23.494
  [DONE] US_ISNE seed 1 in 214.1s

[128/145] US_ISNE seed 2
  [donor] pool size: 4 regions (target + 3 sources)
  [predictors] training 5 directions on US_ISNE...
    done in 47.9s
  [collect] gathering source stacks (src_limit=3)...
    done in 141.1s (3 sources)
  [single] evaluating 5 directions...
    rag...
      MAE=31.512, MAE+=15.334
    phys...
      MAE=25.374, MAE+=15.404
    causal...
      MAE=25.186, MAE+=15.390
    icl...
      MAE=23.486, MAE+=15.502
    hier...
      MAE=67.108, MAE+=15.380
  [equal] evaluating equal-weight fusion...
    MAE=31.318, MAE+=15.409
  [basismix] evaluating BasisMix fusion...
    MAE=27.433, MAE+=15.347
  [persistence] evaluating persistence baseline...
    MAE=23.494
  [DONE] US_ISNE seed 2 in 203.2s

[129/145] US_ISNE seed 3
  [donor] pool size: 4 regions (target + 3 sources)
  [predictors] training 5 directions on US_ISNE...
    done in 45.9s
  [collect] gathering source stacks (src_limit=3)...
    done in 138.9s (3 sources)
  [single] evaluating 5 directions...
    rag...
      MAE=29.636, MAE+=15.373
    phys...
      MAE=25.899, MAE+=15.392
    causal...
      MAE=25.807, MAE+=15.408
    icl...
      MAE=23.504, MAE+=15.501
    hier...
      MAE=67.983, MAE+=15.436
  [equal] evaluating equal-weight fusion...
    MAE=30.947, MAE+=15.372
  [basismix] evaluating BasisMix fusion...
    MAE=26.962, MAE+=15.426
  [persistence] evaluating persistence baseline...
    MAE=23.494
  [DONE] US_ISNE seed 3 in 199.1s

[130/145] US_ISNE seed 4
  [donor] pool size: 4 regions (target + 3 sources)
  [predictors] training 5 directions on US_ISNE...
    done in 45.9s
  [collect] gathering source stacks (src_limit=3)...
    done in 140.7s (3 sources)
  [single] evaluating 5 directions...
    rag...
      MAE=30.264, MAE+=15.348
    phys...
      MAE=25.512, MAE+=15.394
    causal...
      MAE=25.447, MAE+=15.386
    icl...
      MAE=24.013, MAE+=15.534
    hier...
      MAE=58.504, MAE+=15.404
  [equal] evaluating equal-weight fusion...
    MAE=30.097, MAE+=15.391
  [basismix] evaluating BasisMix fusion...
    MAE=27.732, MAE+=15.390
  [persistence] evaluating persistence baseline...
    MAE=23.494
  [DONE] US_ISNE seed 4 in 200.4s

[131/145] US_NYIS seed 0
  [donor] pool size: 4 regions (target + 3 sources)
  [predictors] training 5 directions on US_NYIS...
    done in 49.6s
  [collect] gathering source stacks (src_limit=3)...
    done in 148.4s (3 sources)
  [single] evaluating 5 directions...
    rag...
      MAE=14.063, MAE+=13.522
    phys...
      MAE=17.071, MAE+=13.552
    causal...
      MAE=14.609, MAE+=13.626
    icl...
      MAE=13.858, MAE+=13.567
    hier...
      MAE=32.488, MAE+=13.413
  [equal] evaluating equal-weight fusion...
    MAE=14.088, MAE+=13.515
  [basismix] evaluating BasisMix fusion...
    MAE=14.146, MAE+=13.563
  [persistence] evaluating persistence baseline...
    MAE=14.738
  [DONE] US_NYIS seed 0 in 212.7s

[132/145] US_NYIS seed 1
  [donor] pool size: 4 regions (target + 3 sources)
  [predictors] training 5 directions on US_NYIS...
    done in 51.8s
  [collect] gathering source stacks (src_limit=3)...
    done in 143.0s (3 sources)
  [single] evaluating 5 directions...
    rag...
      MAE=14.224, MAE+=13.442
    phys...
      MAE=16.620, MAE+=13.539
    causal...
      MAE=14.545, MAE+=13.594
    icl...
      MAE=14.010, MAE+=13.563
    hier...
      MAE=33.215, MAE+=13.443
  [equal] evaluating equal-weight fusion...
    MAE=14.298, MAE+=13.517
  [basismix] evaluating BasisMix fusion...
    MAE=14.571, MAE+=13.559
  [persistence] evaluating persistence baseline...
    MAE=14.738
  [DONE] US_NYIS seed 1 in 209.0s

[133/145] US_NYIS seed 2
  [donor] pool size: 4 regions (target + 3 sources)
  [predictors] training 5 directions on US_NYIS...
    done in 52.0s
  [collect] gathering source stacks (src_limit=3)...
    done in 138.7s (3 sources)
  [single] evaluating 5 directions...
    rag...
      MAE=14.202, MAE+=13.503
    phys...
      MAE=16.246, MAE+=13.558
    causal...
      MAE=14.695, MAE+=13.518
    icl...
      MAE=14.039, MAE+=13.569
    hier...
      MAE=32.236, MAE+=13.367
  [equal] evaluating equal-weight fusion...
    MAE=14.175, MAE+=13.516
  [basismix] evaluating BasisMix fusion...
    MAE=14.336, MAE+=13.507
  [persistence] evaluating persistence baseline...
    MAE=14.738
  [DONE] US_NYIS seed 2 in 205.1s

[134/145] US_NYIS seed 3
  [donor] pool size: 4 regions (target + 3 sources)
  [predictors] training 5 directions on US_NYIS...
    done in 48.3s
  [collect] gathering source stacks (src_limit=3)...
    done in 142.8s (3 sources)
  [single] evaluating 5 directions...
    rag...
      MAE=14.056, MAE+=13.519
    phys...
      MAE=15.757, MAE+=13.564
    causal...
      MAE=14.008, MAE+=13.530
    icl...
      MAE=14.104, MAE+=13.560
    hier...
      MAE=33.255, MAE+=13.448
  [equal] evaluating equal-weight fusion...
    MAE=14.332, MAE+=13.521
  [basismix] evaluating BasisMix fusion...
    MAE=14.179, MAE+=13.523
  [persistence] evaluating persistence baseline...
    MAE=14.738
  [DONE] US_NYIS seed 3 in 205.7s

[135/145] US_NYIS seed 4
  [donor] pool size: 4 regions (target + 3 sources)
  [predictors] training 5 directions on US_NYIS...
    done in 50.5s
  [collect] gathering source stacks (src_limit=3)...
    done in 143.4s (3 sources)
  [single] evaluating 5 directions...
    rag...
      MAE=14.089, MAE+=13.519
    phys...
      MAE=16.906, MAE+=13.574
    causal...
      MAE=14.326, MAE+=13.518
    icl...
      MAE=14.166, MAE+=13.565
    hier...
      MAE=27.639, MAE+=13.417
  [equal] evaluating equal-weight fusion...
    MAE=14.007, MAE+=13.523
  [basismix] evaluating BasisMix fusion...
    MAE=14.351, MAE+=13.488
  [persistence] evaluating persistence baseline...
    MAE=14.738
  [DONE] US_NYIS seed 4 in 208.6s

[136/145] US_FPL seed 0
  [donor] pool size: 4 regions (target + 3 sources)
  [predictors] training 5 directions on US_FPL...
    done in 48.5s
  [collect] gathering source stacks (src_limit=3)...
    done in 150.0s (3 sources)
  [single] evaluating 5 directions...
    rag...
      MAE=32.728, MAE+=12.898
    phys...
      MAE=28.627, MAE+=12.952
    causal...
      MAE=21.877, MAE+=12.788
    icl...
      MAE=22.202, MAE+=12.916
    hier...
      MAE=70.690, MAE+=12.838
  [equal] evaluating equal-weight fusion...
    MAE=30.158, MAE+=12.805
  [basismix] evaluating BasisMix fusion...
    MAE=24.419, MAE+=12.850
  [persistence] evaluating persistence baseline...
    MAE=23.850
  [DONE] US_FPL seed 0 in 213.3s

[137/145] US_FPL seed 1
  [donor] pool size: 4 regions (target + 3 sources)
  [predictors] training 5 directions on US_FPL...
    done in 50.9s
  [collect] gathering source stacks (src_limit=3)...
    done in 150.1s (3 sources)
  [single] evaluating 5 directions...
    rag...
      MAE=49.008, MAE+=12.860
    phys...
      MAE=26.526, MAE+=12.926
    causal...
      MAE=21.368, MAE+=12.832
    icl...
      MAE=21.990, MAE+=12.913
    hier...
      MAE=70.623, MAE+=12.810
  [equal] evaluating equal-weight fusion...
    MAE=31.827, MAE+=12.794
  [basismix] evaluating BasisMix fusion...
    MAE=22.805, MAE+=12.825
  [persistence] evaluating persistence baseline...
    MAE=23.850
  [DONE] US_FPL seed 1 in 215.2s

[138/145] US_FPL seed 2
  [donor] pool size: 4 regions (target + 3 sources)
  [predictors] training 5 directions on US_FPL...
    done in 51.5s
  [collect] gathering source stacks (src_limit=3)...
    done in 146.8s (3 sources)
  [single] evaluating 5 directions...
    rag...
      MAE=38.382, MAE+=12.880
    phys...
      MAE=25.095, MAE+=12.929
    causal...
      MAE=21.792, MAE+=12.888
    icl...
      MAE=21.989, MAE+=12.909
    hier...
      MAE=75.303, MAE+=12.855
  [equal] evaluating equal-weight fusion...
    MAE=30.727, MAE+=12.806
  [basismix] evaluating BasisMix fusion...
    MAE=23.359, MAE+=12.873
  [persistence] evaluating persistence baseline...
    MAE=23.850
  [DONE] US_FPL seed 2 in 212.6s

[139/145] US_FPL seed 3
  [donor] pool size: 4 regions (target + 3 sources)
  [predictors] training 5 directions on US_FPL...
    done in 50.2s
  [collect] gathering source stacks (src_limit=3)...
    done in 142.7s (3 sources)
  [single] evaluating 5 directions...
    rag...
      MAE=32.929, MAE+=12.866
    phys...
      MAE=25.693, MAE+=12.924
    causal...
      MAE=21.853, MAE+=12.823
    icl...
      MAE=22.157, MAE+=12.911
    hier...
      MAE=74.886, MAE+=12.822
  [equal] evaluating equal-weight fusion...
    MAE=29.767, MAE+=12.803
  [basismix] evaluating BasisMix fusion...
    MAE=22.999, MAE+=12.844
  [persistence] evaluating persistence baseline...
    MAE=23.850
  [DONE] US_FPL seed 3 in 207.6s

[140/145] US_FPL seed 4
  [donor] pool size: 4 regions (target + 3 sources)
  [predictors] training 5 directions on US_FPL...
    done in 50.4s
  [collect] gathering source stacks (src_limit=3)...
    done in 145.9s (3 sources)
  [single] evaluating 5 directions...
    rag...
      MAE=34.479, MAE+=12.874
    phys...
      MAE=25.173, MAE+=12.925
    causal...
      MAE=22.036, MAE+=12.967
    icl...
      MAE=22.190, MAE+=12.902
    hier...
      MAE=61.737, MAE+=12.829
  [equal] evaluating equal-weight fusion...
    MAE=28.539, MAE+=12.825
  [basismix] evaluating BasisMix fusion...
    MAE=24.141, MAE+=12.869
  [persistence] evaluating persistence baseline...
    MAE=23.850
  [DONE] US_FPL seed 4 in 210.8s

[141/145] US_BPAT seed 0
  [donor] pool size: 4 regions (target + 3 sources)
  [predictors] training 5 directions on US_BPAT...
    done in 49.1s
  [collect] gathering source stacks (src_limit=3)...
    done in 143.1s (3 sources)
  [single] evaluating 5 directions...
    rag...
      MAE=39.983, MAE+=6.153
    phys...
      MAE=33.882, MAE+=6.168
    causal...
      MAE=22.225, MAE+=6.193
    icl...
      MAE=57.345, MAE+=6.182
    hier...
      MAE=43.781, MAE+=6.240
  [equal] evaluating equal-weight fusion...
    MAE=39.459, MAE+=6.143
  [basismix] evaluating BasisMix fusion...
    MAE=28.103, MAE+=6.155
  [persistence] evaluating persistence baseline...
    MAE=8.306
  [DONE] US_BPAT seed 0 in 207.0s

[142/145] US_BPAT seed 1
  [donor] pool size: 4 regions (target + 3 sources)
  [predictors] training 5 directions on US_BPAT...
    done in 50.5s
  [collect] gathering source stacks (src_limit=3)...
    done in 144.9s (3 sources)
  [single] evaluating 5 directions...
    rag...
      MAE=60.608, MAE+=6.159
    phys...
      MAE=44.211, MAE+=6.176
    causal...
      MAE=14.574, MAE+=6.175
    icl...
      MAE=63.429, MAE+=6.188
    hier...
      MAE=37.633, MAE+=6.215
  [equal] evaluating equal-weight fusion...
    MAE=43.891, MAE+=6.144
  [basismix] evaluating BasisMix fusion...
    MAE=22.223, MAE+=6.167
  [persistence] evaluating persistence baseline...
    MAE=8.306
  [DONE] US_BPAT seed 1 in 210.1s

[143/145] US_BPAT seed 2
  [donor] pool size: 4 regions (target + 3 sources)
  [predictors] training 5 directions on US_BPAT...
    done in 48.6s
  [collect] gathering source stacks (src_limit=3)...
    done in 144.0s (3 sources)
  [single] evaluating 5 directions...
    rag...
      MAE=49.481, MAE+=6.143
    phys...
      MAE=23.709, MAE+=6.180
    causal...
      MAE=17.498, MAE+=6.174
    icl...
      MAE=58.785, MAE+=6.179
    hier...
      MAE=41.987, MAE+=6.221
  [equal] evaluating equal-weight fusion...
    MAE=38.158, MAE+=6.150
  [basismix] evaluating BasisMix fusion...
    MAE=25.365, MAE+=6.169
  [persistence] evaluating persistence baseline...
    MAE=8.306
  [DONE] US_BPAT seed 2 in 207.5s

[144/145] US_BPAT seed 3
  [donor] pool size: 4 regions (target + 3 sources)
  [predictors] training 5 directions on US_BPAT...
    done in 51.5s
  [collect] gathering source stacks (src_limit=3)...
    done in 146.9s (3 sources)
  [single] evaluating 5 directions...
    rag...
      MAE=39.032, MAE+=6.158
    phys...
      MAE=37.668, MAE+=6.200
    causal...
      MAE=14.917, MAE+=6.219
    icl...
      MAE=63.375, MAE+=6.183
    hier...
      MAE=39.020, MAE+=6.232
  [equal] evaluating equal-weight fusion...
    MAE=38.639, MAE+=6.146
  [basismix] evaluating BasisMix fusion...
    MAE=22.029, MAE+=6.159
  [persistence] evaluating persistence baseline...
    MAE=8.306
  [DONE] US_BPAT seed 3 in 213.3s

[145/145] US_BPAT seed 4
  [donor] pool size: 4 regions (target + 3 sources)
  [predictors] training 5 directions on US_BPAT...
    done in 49.8s
  [collect] gathering source stacks (src_limit=3)...
    done in 146.8s (3 sources)
  [single] evaluating 5 directions...
    rag...
      MAE=41.986, MAE+=6.172
    phys...
      MAE=31.584, MAE+=6.168
    causal...
      MAE=17.127, MAE+=6.179
    icl...
      MAE=64.240, MAE+=6.193
    hier...
      MAE=39.018, MAE+=6.234
  [equal] evaluating equal-weight fusion...
    MAE=38.687, MAE+=6.164
  [basismix] evaluating BasisMix fusion...
    MAE=26.681, MAE+=6.170
  [persistence] evaluating persistence baseline...
    MAE=8.306
  [DONE] US_BPAT seed 4 in 211.6s

[SUMMARY] 145 pairs completed in 464.9 min
[WRITE] results/fused_five_full.json
[SUMMARY] Computing per-method statistics...
[WRITE] results/fused_five_full_summary.json

=== MAE Summary (median across all regions × seeds) ===
Method               Median MAE   Mean±Std            
----------------------------------------------------
rag                      62.877  67.95±26.25         
phys                     61.607  62.23±29.17         
causal                   50.603  51.94±22.24         
icl                      73.292  80.24±40.93         
hier                     71.824  78.24±24.13         
equal                    60.159  64.65±24.39         
basismix                 54.648  55.20±21.87         
persistence              51.519  50.49±24.86         

=== ZS+ Calibrated Methods ===
rag_plus                 46.701  44.80±22.53         
phys_plus                46.876  44.98±22.58         
causal_plus              46.841  45.07±22.64         
icl_plus                 46.995  44.55±22.55         
hier_plus                46.561  44.61±22.38         
equal_plus               46.857  44.81±22.56         
basismix_plus            46.891  45.01±22.62         

[DONE] Task 5.1 complete. For full 14.5h run, use:
  .venv/bin/python scripts/experiments/run_fused_five_full.py --workers 1
